-- Seed for halls
INSERT INTO public.hall (id, name, coordinates) VALUES 
(1, 'A1', ARRAY[
    48.1352644, 11.6943111,
    48.1338789, 11.6943299,
    48.1338897, 11.6953142,
    48.1352644, 11.6952928
]),
(2, 'A2', ARRAY[
    48.1352644, 11.6957927,
    48.1338789, 11.6958115,
    48.1338789, 11.696798,
    48.1352644, 11.6967803
]),
(3, 'A3', ARRAY[
    48.1352644, 11.6972707,
    48.1338789, 11.6972868,
    48.1338789, 11.6982665,
    48.1352644, 11.6982504
]),
(4, 'A4', ARRAY[
    48.1352644, 11.698881,
    48.1338789, 11.6988998,
    48.1338789, 11.6998822,
    48.1352644, 11.6998661
]),
(5, 'A5', ARRAY[
    48.1352644, 11.7003617,
    48.1338789, 11.7003778,
    48.1338789, 11.7013626,
    48.1352644, 11.7013438
]),
(6, 'A6', ARRAY[
    48.1352644, 11.7018373,
    48.1338789, 11.7018587,
    48.1338789, 11.7028409,
    48.1352644, 11.7028194
]),
(7, 'B1', ARRAY[
    48.1372428, 11.6942775,
    48.1358905, 11.694291,
    48.1358905, 11.6952868,
    48.1372499, 11.6952706
]),
(8, 'B2', ARRAY[
    48.1372428, 11.6957605,
    48.1358905, 11.6957739,
    48.1358905, 11.6967617,
    48.1372428, 11.6967429
]),
(9, 'B3', ARRAY[
    48.1372428, 11.6972353,
    48.1358905, 11.6972567,
    48.1358905, 11.6982418,
    48.1372428, 11.6982176
]),
(10, 'B4', ARRAY[
    48.1372428, 11.6988463,
    48.1358905, 11.6988463,
    48.1358905, 11.6998502,
    48.1372428, 11.6998314
]),
(11, 'B5', ARRAY[
    48.1372428, 11.7003262,
    48.1358955, 11.7003477,
    48.1359008, 11.7013301,
    48.1372428, 11.701314
]),
(12, 'B6', ARRAY[
    48.1372428, 11.7018049,
    48.1359042, 11.7018236,
    48.1359113, 11.7028007,
    48.1372428, 11.7027819
]),
(13, 'C1', ARRAY[
    48.1386835, 11.6942591,
    48.1374234, 11.6942725,
    48.1374234, 11.6952603,
    48.1386835, 11.6952415
]),
(14, 'C2', ARRAY[
    48.1386835, 11.695738,
    48.1374234, 11.6957541,
    48.1374234, 11.6967472,
    48.1386835, 11.6967258
]),
(15, 'C3', ARRAY[
    48.1386835, 11.6972158,
    48.1374234, 11.6972319,
    48.1374234, 11.698217,
    48.1386835, 11.6982009
]),
(16, 'C4', ARRAY[
    48.1386835, 11.6988308,
    48.1374234, 11.6988442,
    48.1374234, 11.6998213,
    48.1386835, 11.6998078
]),
(17, 'C5', ARRAY[
    48.1386835, 11.7002968,
    48.1374234, 11.7003102,
    48.1374234, 11.7013007,
    48.1386835, 11.7012873
]),
(18, 'C6', ARRAY[
    48.1386835, 11.7017778,
    48.1374234, 11.7017993,
    48.1374234, 11.702779,
    48.1386835, 11.7027629
]);

-- Seed for parking lots
INSERT INTO public.parking_lot (id, name, service_toilets, service_shelter, surface_material, pricing, external, coordinates) VALUES 
(1, 'P1 Nord (Tor 17a - Tor 11c)', FALSE, FALSE, 'asphalt', 'medium', FALSE, ARRAY[
    48.1417206, 11.700205,
    48.1417708, 11.7006773,
    48.1417922, 11.7062698,
    48.1384277, 11.709568,
    48.1384032, 11.7090745,
    48.1384095, 11.7085468,
    48.1384921, 11.7070991,
    48.1388762, 11.7050723,
    48.1394444, 11.702988,
    48.1400732, 11.7002774
]),
(2, 'P1 Nord (westl. Tor 17a)', FALSE, FALSE, 'asphalt', 'medium', FALSE, ARRAY[
    48.1412926, 11.6975452,
    48.1404584, 11.6981824,
    48.1401018, 11.7001409,
    48.1416906, 11.7000933,
    48.141649, 11.6976807
]),
(3, 'P2 Nord (östl. Tor 11c)', FALSE, FALSE, 'field', 'medium', FALSE, ARRAY[
    48.1408516, 11.7073096,
    48.1385636, 11.7094934,
    48.1384627, 11.7096188,
    48.1384099, 11.7096855,
    48.1385188, 11.7109966,
    48.1397178, 11.7097633,
    48.1405108, 11.7088749,
    48.1405028, 11.7087385,
    48.140855, 11.7082945,
    48.1408516, 11.7073096
]),
(4, 'P3', FALSE, FALSE, 'field', 'medium', FALSE, ARRAY[
    48.1390493, 11.6972283,
    48.1390558, 11.6980711,
    48.1398488, 11.6980645,
    48.1399943, 11.6973839,
    48.1399854, 11.6972524,
    48.1399353, 11.6971961,
    48.1390493, 11.6972283
]),
(5, 'P4', FALSE, FALSE, 'field', 'medium', FALSE, ARRAY[
    48.1396359, 11.6989453,
    48.1394766, 11.6997899,
    48.1390596, 11.6997872,
    48.1390578, 11.6989479
]),
(6, 'P5', FALSE, FALSE, 'field', 'medium', FALSE, ARRAY[
    48.1394505, 11.7001903,
    48.1390535, 11.7001831,
    48.1390458, 11.7014863,
    48.1391777, 11.7014832
]),
(7, 'P7', FALSE, FALSE, 'asphalt', 'medium', FALSE, ARRAY[
    48.1385681, 11.7034823,
    48.1361815, 11.7035074,
    48.1361882, 11.7043663,
    48.1359054, 11.7043925,
    48.1359051, 11.7047203,
    48.1376266, 11.7046675,
    48.1379881, 11.7044422,
    48.1382531, 11.7041741,
    48.1384786, 11.7037719
]),
(8, 'P8', FALSE, FALSE, 'asphalt', 'medium', FALSE, ARRAY[
    48.1380376, 11.704922,
    48.1380497, 11.7058797,
    48.1378568, 11.7058856,
    48.1378643, 11.7067451,
    48.1358968, 11.7055821,
    48.1358932, 11.7050025,
    48.1380412, 11.704922
]),
(9, 'P9 - P12', FALSE, FALSE, 'field', 'medium', FALSE, ARRAY[
    48.13781, 11.7071893,
    48.137823, 11.7109108,
    48.1336863, 11.7109776,
    48.1336643, 11.706073,
    48.1358736, 11.7060593
]),
(10, 'Parkhaus West', TRUE, TRUE, 'asphalt', 'high', FALSE, ARRAY[
    48.1389099, 11.6903538,
    48.1379863, 11.6912121,
    48.1387381, 11.6931111,
    48.1396832, 11.6922742
]);

-- Seed for entrances
INSERT INTO public.entrance (id, name, coordinates) VALUES 
(1, 'South West', ARRAY[
    48.1338789, 11.6943299,
    48.1338897, 11.6953142,
    48.1338997, 11.6953142,
    48.1338889, 11.6943299
]),
(2, 'South East', ARRAY[
    48.1338789, 11.7013626,
    48.1338789, 11.7028409,
    48.1338889, 11.7028409,
    48.1338889, 11.7013626
]),
(3, 'West', ARRAY[
    48.1358905, 11.694291,
    48.1358905, 11.6952868,
    48.1359005, 11.6952868,
    48.1359005, 11.694291
]),
(4, 'East', ARRAY[
    48.1359042, 11.7018236,
    48.1359113, 11.7028007,
    48.1359213, 11.7028007,
    48.1359142, 11.7018236
]),
(5, 'North West', ARRAY[
    48.1374234, 11.6942725,
    48.1374234, 11.6952603,
    48.1374334, 11.6952603,
    48.1374334, 11.6942725
]),
(6, 'North East', ARRAY[
    48.1386835, 11.7012873,
    48.1386835, 11.7027629,
    48.1386935, 11.7027629,
    48.1386935, 11.7012873
]),
(7, 'North', ARRAY[
    48.1374234, 11.6972319,
    48.1374234, 11.698217,
    48.1374334, 11.698217,
    48.1374334, 11.6972319
]);

-- Seed for hall to parking lot distances (all hall, parking lot combinations)
INSERT INTO public.hall_parking_lot_distances (id, hall_id, parking_lot_id, distance_north, distance_north_east, distance_east, distance_west, distance_north_west) VALUES 
(1, 1, 1, 600, 730, 760, 1060, 1000),
(2, 1, 2, 580, 710, 740, 1010, 950),
(3, 1, 3, 620, 690, 660, 1360, 1300),
(4, 1, 4, 900, 1020, 910, 1360, 1300),
(5, 1, 5, 1000, 1130, 1010, 1460, 1400),
(6, 1, 6, 1050, 1170, 1060, 1560, 1500),
(7, 1, 7, 850, 970, 850, 1260, 1200),
(8, 1, 8, 1100, 1220, 1100, 1510, 1450),
(9, 1, 9, 700, 830, 720, 1160, 1150),
(10, 1, 10, 1200, 1320, 1200, 1560, 1550),
(11, 2, 1, 575, 690, 740, 1080, 1040),
(12, 2, 2, 555, 670, 720, 1030, 990),
(13, 2, 3, 595, 650, 640, 1380, 1340),
(14, 2, 4, 875, 980, 890, 1380, 1340),
(15, 2, 5, 975, 1090, 990, 1480, 1440),
(16, 2, 6, 1025, 1130, 1040, 1580, 1540),
(17, 2, 7, 825, 930, 830, 1280, 1240),
(18, 2, 8, 1075, 1180, 1080, 1530, 1490),
(19, 2, 9, 675, 790, 700, 1180, 1190),
(20, 2, 10, 1175, 1280, 1180, 1580, 1590),
(21, 3, 1, 550, 650, 720, 1100, 1080),
(22, 3, 2, 530, 630, 700, 1050, 1030),
(23, 3, 3, 570, 610, 620, 1400, 1380),
(24, 3, 4, 850, 940, 870, 1400, 1380),
(25, 3, 5, 950, 1050, 970, 1500, 1480),
(26, 3, 6, 1000, 1090, 1020, 1600, 1580),
(27, 3, 7, 800, 890, 810, 1300, 1280),
(28, 3, 8, 1050, 1140, 1060, 1550, 1530),
(29, 3, 9, 650, 750, 680, 1200, 1230),
(30, 3, 10, 1150, 1240, 1160, 1600, 1630),
(31, 4, 1, 550, 610, 700, 1120, 1120),
(32, 4, 2, 530, 590, 680, 1070, 1070),
(33, 4, 3, 570, 570, 600, 1420, 1420),
(34, 4, 4, 850, 900, 850, 1420, 1420),
(35, 4, 5, 950, 1010, 950, 1520, 1520),
(36, 4, 6, 1000, 1050, 1000, 1620, 1620),
(37, 4, 7, 800, 850, 790, 1320, 1320),
(38, 4, 8, 1050, 1100, 1040, 1570, 1570),
(39, 4, 9, 650, 710, 660, 1220, 1270),
(40, 4, 10, 1150, 1200, 1140, 1620, 1670),
(41, 5, 1, 575, 570, 680, 1140, 1160),
(42, 5, 2, 555, 550, 660, 1090, 1110),
(43, 5, 3, 595, 530, 580, 1440, 1460),
(44, 5, 4, 875, 860, 830, 1440, 1460),
(45, 5, 5, 975, 970, 930, 1540, 1560),
(46, 5, 6, 1025, 1010, 980, 1640, 1660),
(47, 5, 7, 825, 810, 770, 1340, 1360),
(48, 5, 8, 1075, 1060, 1020, 1590, 1610),
(49, 5, 9, 675, 670, 640, 1240, 1310),
(50, 5, 10, 1175, 1160, 1120, 1640, 1710),
(51, 6, 1, 600, 530, 660, 1160, 1200),
(52, 6, 2, 580, 510, 640, 1110, 1150),
(53, 6, 3, 620, 490, 560, 1460, 1500),
(54, 6, 4, 900, 820, 810, 1460, 1500),
(55, 6, 5, 1000, 930, 910, 1560, 1600),
(56, 6, 6, 1050, 970, 960, 1660, 1700),
(57, 6, 7, 850, 770, 750, 1360, 1400),
(58, 6, 8, 1100, 1020, 1000, 1610, 1650),
(59, 6, 9, 700, 630, 620, 1260, 1350),
(60, 6, 10, 1200, 1120, 1100, 1660, 1750),
(61, 7, 1, 550, 490, 750, 1050, 1160),
(62, 7, 2, 530, 470, 730, 1000, 1110),
(63, 7, 3, 570, 450, 650, 1350, 1460),
(64, 7, 4, 850, 780, 900, 1350, 1460),
(65, 7, 5, 950, 890, 1000, 1450, 1560),
(66, 7, 6, 1000, 930, 1050, 1550, 1660),
(67, 7, 7, 800, 730, 840, 1250, 1360),
(68, 7, 8, 1050, 980, 1090, 1500, 1610),
(69, 7, 9, 650, 590, 710, 1150, 1310),
(70, 7, 10, 1150, 1080, 1190, 1550, 1710),
(71, 8, 1, 525, 530, 730, 1070, 1120),
(72, 8, 2, 505, 510, 710, 1020, 1070),
(73, 8, 3, 545, 490, 630, 1370, 1420),
(74, 8, 4, 825, 820, 880, 1370, 1420),
(75, 8, 5, 925, 930, 980, 1470, 1520),
(76, 8, 6, 975, 970, 1030, 1570, 1620),
(77, 8, 7, 775, 770, 820, 1270, 1320),
(78, 8, 8, 1025, 1020, 1070, 1520, 1570),
(79, 8, 9, 625, 630, 690, 1170, 1270),
(80, 8, 10, 1125, 1120, 1170, 1570, 1670),
(81, 9, 1, 500, 570, 710, 1090, 1080),
(82, 9, 2, 480, 550, 690, 1040, 1030),
(83, 9, 3, 520, 530, 610, 1390, 1380),
(84, 9, 4, 800, 860, 860, 1390, 1380),
(85, 9, 5, 900, 970, 960, 1490, 1480),
(86, 9, 6, 950, 1010, 1010, 1590, 1580),
(87, 9, 7, 750, 810, 800, 1290, 1280),
(88, 9, 8, 1000, 1060, 1050, 1540, 1530),
(89, 9, 9, 600, 670, 670, 1190, 1230),
(90, 9, 10, 1100, 1160, 1150, 1590, 1630),
(91, 10, 1, 500, 610, 690, 1110, 1040),
(92, 10, 2, 480, 590, 670, 1060, 990),
(93, 10, 3, 520, 570, 590, 1410, 1340),
(94, 10, 4, 800, 900, 840, 1410, 1340),
(95, 10, 5, 900, 1010, 940, 1510, 1440),
(96, 10, 6, 950, 1050, 990, 1610, 1540),
(97, 10, 7, 750, 850, 780, 1310, 1240),
(98, 10, 8, 1000, 1100, 1030, 1560, 1490),
(99, 10, 9, 600, 710, 650, 1210, 1190),
(100, 10, 10, 1100, 1200, 1130, 1610, 1590),
(101, 11, 1, 525, 650, 670, 1130, 1000),
(102, 11, 2, 505, 630, 650, 1080, 950),
(103, 11, 3, 545, 610, 570, 1430, 1300),
(104, 11, 4, 825, 940, 820, 1430, 1300),
(105, 11, 5, 925, 1050, 920, 1530, 1400),
(106, 11, 6, 975, 1090, 970, 1630, 1500),
(107, 11, 7, 775, 890, 760, 1330, 1200),
(108, 11, 8, 1025, 1140, 1010, 1580, 1450),
(109, 11, 9, 625, 750, 630, 1230, 1150),
(110, 11, 10, 1125, 1240, 1110, 1630, 1550),
(111, 12, 1, 550, 690, 650, 1150, 960),
(112, 12, 2, 530, 670, 630, 1100, 910),
(113, 12, 3, 570, 650, 550, 1450, 1260),
(114, 12, 4, 850, 980, 800, 1450, 1260),
(115, 12, 5, 950, 1090, 900, 1550, 1360),
(116, 12, 6, 1000, 1130, 950, 1650, 1460),
(117, 12, 7, 800, 930, 740, 1350, 1160),
(118, 12, 8, 1050, 1180, 990, 1600, 1410),
(119, 12, 9, 650, 790, 610, 1250, 1110),
(120, 12, 10, 1150, 1280, 1090, 1650, 1510),
(121, 13, 1, 500, 630, 760, 1060, 950),
(122, 13, 2, 480, 610, 740, 1010, 900),
(123, 13, 3, 520, 590, 660, 1360, 1250),
(124, 13, 4, 800, 920, 910, 1360, 1250),
(125, 13, 5, 900, 1030, 1010, 1460, 1350),
(126, 13, 6, 950, 1070, 1060, 1560, 1450),
(127, 13, 7, 750, 870, 850, 1260, 1150),
(128, 13, 8, 1000, 1120, 1100, 1510, 1400),
(129, 13, 9, 600, 730, 720, 1160, 1100),
(130, 13, 10, 1100, 1220, 1200, 1560, 1500),
(131, 14, 1, 475, 600, 740, 1080, 980),
(132, 14, 2, 455, 580, 720, 1030, 930),
(133, 14, 3, 495, 560, 640, 1380, 1280),
(134, 14, 4, 775, 890, 890, 1380, 1280),
(135, 14, 5, 875, 1000, 990, 1480, 1380),
(136, 14, 6, 925, 1040, 1040, 1580, 1480),
(137, 14, 7, 725, 840, 830, 1280, 1180),
(138, 14, 8, 975, 1090, 1080, 1530, 1430),
(139, 14, 9, 575, 700, 700, 1180, 1130),
(140, 14, 10, 1075, 1190, 1180, 1580, 1530),
(141, 15, 1, 450, 570, 720, 1100, 1010),
(142, 15, 2, 430, 550, 700, 1050, 960),
(143, 15, 3, 470, 530, 620, 1400, 1310),
(144, 15, 4, 750, 860, 870, 1400, 1310),
(145, 15, 5, 850, 970, 970, 1500, 1410),
(146, 15, 6, 900, 1010, 1020, 1600, 1510),
(147, 15, 7, 700, 810, 810, 1300, 1210),
(148, 15, 8, 950, 1060, 1060, 1550, 1460),
(149, 15, 9, 550, 670, 680, 1200, 1160),
(150, 15, 10, 1050, 1160, 1160, 1600, 1560),
(151, 16, 1, 450, 540, 700, 1120, 1040),
(152, 16, 2, 430, 520, 680, 1070, 990),
(153, 16, 3, 470, 500, 600, 1420, 1340),
(154, 16, 4, 750, 830, 850, 1420, 1340),
(155, 16, 5, 850, 940, 950, 1520, 1440),
(156, 16, 6, 900, 980, 1000, 1620, 1540),
(157, 16, 7, 700, 780, 790, 1320, 1240),
(158, 16, 8, 950, 1030, 1040, 1570, 1490),
(159, 16, 9, 550, 640, 660, 1220, 1190),
(160, 16, 10, 1050, 1130, 1140, 1620, 1590),
(161, 17, 1, 475, 510, 680, 1140, 1070),
(162, 17, 2, 455, 490, 660, 1090, 1020),
(163, 17, 3, 495, 470, 580, 1440, 1370),
(164, 17, 4, 775, 800, 830, 1440, 1370),
(165, 17, 5, 875, 910, 930, 1540, 1470),
(166, 17, 6, 925, 950, 980, 1640, 1570),
(167, 17, 7, 725, 750, 770, 1340, 1270),
(168, 17, 8, 975, 1000, 1020, 1590, 1520),
(169, 17, 9, 575, 610, 640, 1240, 1220),
(170, 17, 10, 1075, 1100, 1120, 1640, 1620),
(171, 18, 1, 500, 480, 660, 1160, 1100),
(172, 18, 2, 480, 460, 640, 1110, 1050),
(173, 18, 3, 520, 440, 560, 1460, 1400),
(174, 18, 4, 800, 770, 810, 1460, 1400),
(175, 18, 5, 900, 880, 910, 1560, 1500),
(176, 18, 6, 950, 920, 960, 1660, 1600),
(177, 18, 7, 750, 720, 750, 1360, 1300),
(178, 18, 8, 1000, 970, 1000, 1610, 1550),
(179, 18, 9, 600, 580, 620, 1260, 1250),
(180, 18, 10, 1100, 1070, 1100, 1660, 1650),
(181, 1, 1, 600, 730, 760, 1060, 1000),
(182, 1, 2, 580, 710, 740, 1010, 950),
(183, 1, 3, 620, 690, 660, 1360, 1300),
(184, 1, 4, 900, 1020, 910, 1360, 1300),
(185, 1, 5, 1000, 1130, 1010, 1460, 1400),
(186, 1, 6, 1050, 1170, 1060, 1560, 1500),
(187, 1, 7, 850, 970, 850, 1260, 1200),
(188, 1, 8, 1100, 1220, 1100, 1510, 1450),
(189, 1, 9, 700, 830, 720, 1160, 1150),
(190, 1, 10, 1200, 1320, 1200, 1560, 1550),
(191, 2, 1, 575, 690, 740, 1080, 1040),
(192, 2, 2, 555, 670, 720, 1030, 990),
(193, 2, 3, 595, 650, 640, 1380, 1340),
(194, 2, 4, 875, 980, 890, 1380, 1340),
(195, 2, 5, 975, 1090, 990, 1480, 1440),
(196, 2, 6, 1025, 1130, 1040, 1580, 1540),
(197, 2, 7, 825, 930, 830, 1280, 1240),
(198, 2, 8, 1075, 1180, 1080, 1530, 1490),
(199, 2, 9, 675, 790, 700, 1180, 1190),
(200, 2, 10, 1175, 1280, 1180, 1580, 1590),
(201, 3, 1, 550, 650, 720, 1100, 1080),
(202, 3, 2, 530, 630, 700, 1050, 1030),
(203, 3, 3, 570, 610, 620, 1400, 1380),
(204, 3, 4, 850, 940, 870, 1400, 1380),
(205, 3, 5, 950, 1050, 970, 1500, 1480),
(206, 3, 6, 1000, 1090, 1020, 1600, 1580),
(207, 3, 7, 800, 890, 810, 1300, 1280),
(208, 3, 8, 1050, 1140, 1060, 1550, 1530),
(209, 3, 9, 650, 750, 680, 1200, 1230),
(210, 3, 10, 1150, 1240, 1160, 1600, 1630),
(211, 4, 1, 550, 610, 700, 1120, 1120),
(212, 4, 2, 530, 590, 680, 1070, 1070),
(213, 4, 3, 570, 570, 600, 1420, 1420),
(214, 4, 4, 850, 900, 850, 1420, 1420),
(215, 4, 5, 950, 1010, 950, 1520, 1520),
(216, 4, 6, 1000, 1050, 1000, 1620, 1620),
(217, 4, 7, 800, 850, 790, 1320, 1320),
(218, 4, 8, 1050, 1100, 1040, 1570, 1570),
(219, 4, 9, 650, 710, 660, 1220, 1270),
(220, 4, 10, 1150, 1200, 1140, 1620, 1670),
(221, 5, 1, 575, 570, 680, 1140, 1160),
(222, 5, 2, 555, 550, 660, 1090, 1110),
(223, 5, 3, 595, 530, 580, 1440, 1460),
(224, 5, 4, 875, 860, 830, 1440, 1460),
(225, 5, 5, 975, 970, 930, 1540, 1560),
(226, 5, 6, 1025, 1010, 980, 1640, 1660),
(227, 5, 7, 825, 810, 770, 1340, 1360),
(228, 5, 8, 1075, 1060, 1020, 1590, 1610),
(229, 5, 9, 675, 670, 640, 1240, 1310),
(230, 5, 10, 1175, 1160, 1120, 1640, 1710),
(231, 6, 1, 600, 530, 660, 1160, 1200),
(232, 6, 2, 580, 510, 640, 1110, 1150),
(233, 6, 3, 620, 490, 560, 1460, 1500),
(234, 6, 4, 900, 820, 810, 1460, 1500),
(235, 6, 5, 1000, 930, 910, 1560, 1600),
(236, 6, 6, 1050, 970, 960, 1660, 1700),
(237, 6, 7, 850, 770, 750, 1360, 1400),
(238, 6, 8, 1100, 1020, 1000, 1610, 1650),
(239, 6, 9, 700, 630, 620, 1260, 1350),
(240, 6, 10, 1200, 1120, 1100, 1660, 1750),
(241, 7, 1, 550, 490, 750, 1050, 1160),
(242, 7, 2, 530, 470, 730, 1000, 1110),
(243, 7, 3, 570, 450, 650, 1350, 1460),
(244, 7, 4, 850, 780, 900, 1350, 1460),
(245, 7, 5, 950, 890, 1000, 1450, 1560),
(246, 7, 6, 1000, 930, 1050, 1550, 1660),
(247, 7, 7, 800, 730, 840, 1250, 1360),
(248, 7, 8, 1050, 980, 1090, 1500, 1610),
(249, 7, 9, 650, 590, 710, 1150, 1310),
(250, 7, 10, 1150, 1080, 1190, 1550, 1710),
(251, 8, 1, 525, 530, 730, 1070, 1120),
(252, 8, 2, 505, 510, 710, 1020, 1070),
(253, 8, 3, 545, 490, 630, 1370, 1420),
(254, 8, 4, 825, 820, 880, 1370, 1420),
(255, 8, 5, 925, 930, 980, 1470, 1520),
(256, 8, 6, 975, 970, 1030, 1570, 1620),
(257, 8, 7, 775, 770, 820, 1270, 1320),
(258, 8, 8, 1025, 1020, 1070, 1520, 1570),
(259, 8, 9, 625, 630, 690, 1170, 1270),
(260, 8, 10, 1125, 1120, 1170, 1570, 1670),
(261, 9, 1, 500, 570, 710, 1090, 1080),
(262, 9, 2, 480, 550, 690, 1040, 1030),
(263, 9, 3, 520, 530, 610, 1390, 1380),
(264, 9, 4, 800, 860, 860, 1390, 1380),
(265, 9, 5, 900, 970, 960, 1490, 1480),
(266, 9, 6, 950, 1010, 1010, 1590, 1580),
(267, 9, 7, 750, 810, 800, 1290, 1280),
(268, 9, 8, 1000, 1060, 1050, 1540, 1530),
(269, 9, 9, 600, 670, 670, 1190, 1230),
(270, 9, 10, 1100, 1160, 1150, 1590, 1630),
(271, 10, 1, 500, 610, 690, 1110, 1040),
(272, 10, 2, 480, 590, 670, 1060, 990),
(273, 10, 3, 520, 570, 590, 1410, 1340),
(274, 10, 4, 800, 900, 840, 1410, 1340),
(275, 10, 5, 900, 1010, 940, 1510, 1440),
(276, 10, 6, 950, 1050, 990, 1610, 1540),
(277, 10, 7, 750, 850, 780, 1310, 1240),
(278, 10, 8, 1000, 1100, 1030, 1560, 1490),
(279, 10, 9, 600, 710, 650, 1210, 1190),
(280, 10, 10, 1100, 1200, 1130, 1610, 1590),
(281, 11, 1, 525, 650, 670, 1130, 1000),
(282, 11, 2, 505, 630, 650, 1080, 950),
(283, 11, 3, 545, 610, 570, 1430, 1300),
(284, 11, 4, 825, 940, 820, 1430, 1300),
(285, 11, 5, 925, 1050, 920, 1530, 1400),
(286, 11, 6, 975, 1090, 970, 1630, 1500),
(287, 11, 7, 775, 890, 760, 1330, 1200),
(288, 11, 8, 1025, 1140, 1010, 1580, 1450),
(289, 11, 9, 625, 750, 630, 1230, 1150),
(290, 11, 10, 1125, 1240, 1110, 1630, 1550),
(291, 12, 1, 550, 690, 650, 1150, 960),
(292, 12, 2, 530, 670, 630, 1100, 910),
(293, 12, 3, 570, 650, 550, 1450, 1260),
(294, 12, 4, 850, 980, 800, 1450, 1260),
(295, 12, 5, 950, 1090, 900, 1550, 1360),
(296, 12, 6, 1000, 1130, 950, 1650, 1460),
(297, 12, 7, 800, 930, 740, 1350, 1160),
(298, 12, 8, 1050, 1180, 990, 1600, 1410),
(299, 12, 9, 650, 790, 610, 1250, 1110),
(300, 12, 10, 1150, 1280, 1090, 1650, 1510),
(301, 13, 1, 500, 630, 760, 1060, 950),
(302, 13, 2, 480, 610, 740, 1010, 900),
(303, 13, 3, 520, 590, 660, 1360, 1250),
(304, 13, 4, 800, 920, 910, 1360, 1250),
(305, 13, 5, 900, 1030, 1010, 1460, 1350),
(306, 13, 6, 950, 1070, 1060, 1560, 1450),
(307, 13, 7, 750, 870, 850, 1260, 1150),
(308, 13, 8, 1000, 1120, 1100, 1510, 1400),
(309, 13, 9, 600, 730, 720, 1160, 1100),
(310, 13, 10, 1100, 1220, 1200, 1560, 1500),
(311, 14, 1, 475, 600, 740, 1080, 980),
(312, 14, 2, 455, 580, 720, 1030, 930),
(313, 14, 3, 495, 560, 640, 1380, 1280),
(314, 14, 4, 775, 890, 890, 1380, 1280),
(315, 14, 5, 875, 1000, 990, 1480, 1380),
(316, 14, 6, 925, 1040, 1040, 1580, 1480),
(317, 14, 7, 725, 840, 830, 1280, 1180),
(318, 14, 8, 975, 1090, 1080, 1530, 1430),
(319, 14, 9, 575, 700, 700, 1180, 1130),
(320, 14, 10, 1075, 1190, 1180, 1580, 1530),
(321, 15, 1, 450, 570, 720, 1100, 1010),
(322, 15, 2, 430, 550, 700, 1050, 960),
(323, 15, 3, 470, 530, 620, 1400, 1310),
(324, 15, 4, 750, 860, 870, 1400, 1310),
(325, 15, 5, 850, 970, 970, 1500, 1410),
(326, 15, 6, 900, 1010, 1020, 1600, 1510),
(327, 15, 7, 700, 810, 810, 1300, 1210),
(328, 15, 8, 950, 1060, 1060, 1550, 1460),
(329, 15, 9, 550, 670, 680, 1200, 1160),
(330, 15, 10, 1050, 1160, 1160, 1600, 1560),
(331, 16, 1, 450, 540, 700, 1120, 1040),
(332, 16, 2, 430, 520, 680, 1070, 990),
(333, 16, 3, 470, 500, 600, 1420, 1340),
(334, 16, 4, 750, 830, 850, 1420, 1340),
(335, 16, 5, 850, 940, 950, 1520, 1440),
(336, 16, 6, 900, 980, 1000, 1620, 1540),
(337, 16, 7, 700, 780, 790, 1320, 1240),
(338, 16, 8, 950, 1030, 1040, 1570, 1490),
(339, 16, 9, 550, 640, 660, 1220, 1190),
(340, 16, 10, 1050, 1130, 1140, 1620, 1590),
(341, 17, 1, 475, 510, 680, 1140, 1070),
(342, 17, 2, 455, 490, 660, 1090, 1020),
(343, 17, 3, 495, 470, 580, 1440, 1370),
(344, 17, 4, 775, 800, 830, 1440, 1370),
(345, 17, 5, 875, 910, 930, 1540, 1470),
(346, 17, 6, 925, 950, 980, 1640, 1570),
(347, 17, 7, 725, 750, 770, 1340, 1270),
(348, 17, 8, 975, 1000, 1020, 1590, 1520),
(349, 17, 9, 575, 610, 640, 1240, 1220),
(350, 17, 10, 1075, 1100, 1120, 1640, 1620),
(351, 18, 1, 500, 480, 660, 1160, 1100),
(352, 18, 2, 480, 460, 640, 1110, 1050),
(353, 18, 3, 520, 440, 560, 1460, 1400),
(354, 18, 4, 800, 770, 810, 1460, 1400),
(355, 18, 5, 900, 880, 910, 1560, 1500),
(356, 18, 6, 950, 920, 960, 1660, 1600),
(357, 18, 7, 750, 720, 750, 1360, 1300),
(358, 18, 8, 1000, 970, 1000, 1610, 1550),
(359, 18, 9, 600, 580, 620, 1260, 1250),
(360, 18, 10, 1100, 1070, 1100, 1660, 1650),
(361, 1, 1, 600, 730, 760, 1060, 1000),
(362, 1, 2, 580, 710, 740, 1010, 950),
(363, 1, 3, 620, 690, 660, 1360, 1300),
(364, 1, 4, 900, 1020, 910, 1360, 1300),
(365, 1, 5, 1000, 1130, 1010, 1460, 1400),
(366, 1, 6, 1050, 1170, 1060, 1560, 1500),
(367, 1, 7, 850, 970, 850, 1260, 1200),
(368, 1, 8, 1100, 1220, 1100, 1510, 1450),
(369, 1, 9, 700, 830, 720, 1160, 1150),
(370, 1, 10, 1200, 1320, 1200, 1560, 1550),
(371, 2, 1, 575, 690, 740, 1080, 1040),
(372, 2, 2, 555, 670, 720, 1030, 990),
(373, 2, 3, 595, 650, 640, 1380, 1340),
(374, 2, 4, 875, 980, 890, 1380, 1340),
(375, 2, 5, 975, 1090, 990, 1480, 1440),
(376, 2, 6, 1025, 1130, 1040, 1580, 1540),
(377, 2, 7, 825, 930, 830, 1280, 1240),
(378, 2, 8, 1075, 1180, 1080, 1530, 1490),
(379, 2, 9, 675, 790, 700, 1180, 1190),
(380, 2, 10, 1175, 1280, 1180, 1580, 1590),
(381, 3, 1, 550, 650, 720, 1100, 1080),
(382, 3, 2, 530, 630, 700, 1050, 1030),
(383, 3, 3, 570, 610, 620, 1400, 1380),
(384, 3, 4, 850, 940, 870, 1400, 1380),
(385, 3, 5, 950, 1050, 970, 1500, 1480),
(386, 3, 6, 1000, 1090, 1020, 1600, 1580),
(387, 3, 7, 800, 890, 810, 1300, 1280),
(388, 3, 8, 1050, 1140, 1060, 1550, 1530),
(389, 3, 9, 650, 750, 680, 1200, 1230),
(390, 3, 10, 1150, 1240, 1160, 1600, 1630),
(391, 4, 1, 550, 610, 700, 1120, 1120),
(392, 4, 2, 530, 590, 680, 1070, 1070),
(393, 4, 3, 570, 570, 600, 1420, 1420),
(394, 4, 4, 850, 900, 850, 1420, 1420),
(395, 4, 5, 950, 1010, 950, 1520, 1520),
(396, 4, 6, 1000, 1050, 1000, 1620, 1620),
(397, 4, 7, 800, 850, 790, 1320, 1320),
(398, 4, 8, 1050, 1100, 1040, 1570, 1570),
(399, 4, 9, 650, 710, 660, 1220, 1270),
(400, 4, 10, 1150, 1200, 1140, 1620, 1670),
(401, 5, 1, 575, 570, 680, 1140, 1160),
(402, 5, 2, 555, 550, 660, 1090, 1110),
(403, 5, 3, 595, 530, 580, 1440, 1460),
(404, 5, 4, 875, 860, 830, 1440, 1460),
(405, 5, 5, 975, 970, 930, 1540, 1560),
(406, 5, 6, 1025, 1010, 980, 1640, 1660),
(407, 5, 7, 825, 810, 770, 1340, 1360),
(408, 5, 8, 1075, 1060, 1020, 1590, 1610),
(409, 5, 9, 675, 670, 640, 1240, 1310),
(410, 5, 10, 1175, 1160, 1120, 1640, 1710),
(411, 6, 1, 600, 530, 660, 1160, 1200),
(412, 6, 2, 580, 510, 640, 1110, 1150),
(413, 6, 3, 620, 490, 560, 1460, 1500),
(414, 6, 4, 900, 820, 810, 1460, 1500),
(415, 6, 5, 1000, 930, 910, 1560, 1600),
(416, 6, 6, 1050, 970, 960, 1660, 1700),
(417, 6, 7, 850, 770, 750, 1360, 1400),
(418, 6, 8, 1100, 1020, 1000, 1610, 1650),
(419, 6, 9, 700, 630, 620, 1260, 1350),
(420, 6, 10, 1200, 1120, 1100, 1660, 1750),
(421, 7, 1, 550, 490, 750, 1050, 1160),
(422, 7, 2, 530, 470, 730, 1000, 1110),
(423, 7, 3, 570, 450, 650, 1350, 1460),
(424, 7, 4, 850, 780, 900, 1350, 1460),
(425, 7, 5, 950, 890, 1000, 1450, 1560),
(426, 7, 6, 1000, 930, 1050, 1550, 1660),
(427, 7, 7, 800, 730, 840, 1250, 1360),
(428, 7, 8, 1050, 980, 1090, 1500, 1610),
(429, 7, 9, 650, 590, 710, 1150, 1310),
(430, 7, 10, 1150, 1080, 1190, 1550, 1710),
(431, 8, 1, 525, 530, 730, 1070, 1120),
(432, 8, 2, 505, 510, 710, 1020, 1070),
(433, 8, 3, 545, 490, 630, 1370, 1420),
(434, 8, 4, 825, 820, 880, 1370, 1420),
(435, 8, 5, 925, 930, 980, 1470, 1520),
(436, 8, 6, 975, 970, 1030, 1570, 1620),
(437, 8, 7, 775, 770, 820, 1270, 1320),
(438, 8, 8, 1025, 1020, 1070, 1520, 1570),
(439, 8, 9, 625, 630, 690, 1170, 1270),
(440, 8, 10, 1125, 1120, 1170, 1570, 1670),
(441, 9, 1, 500, 570, 710, 1090, 1080),
(442, 9, 2, 480, 550, 690, 1040, 1030),
(443, 9, 3, 520, 530, 610, 1390, 1380),
(444, 9, 4, 800, 860, 860, 1390, 1380),
(445, 9, 5, 900, 970, 960, 1490, 1480),
(446, 9, 6, 950, 1010, 1010, 1590, 1580),
(447, 9, 7, 750, 810, 800, 1290, 1280),
(448, 9, 8, 1000, 1060, 1050, 1540, 1530),
(449, 9, 9, 600, 670, 670, 1190, 1230),
(450, 9, 10, 1100, 1160, 1150, 1590, 1630),
(451, 10, 1, 500, 610, 690, 1110, 1040),
(452, 10, 2, 480, 590, 670, 1060, 990),
(453, 10, 3, 520, 570, 590, 1410, 1340),
(454, 10, 4, 800, 900, 840, 1410, 1340),
(455, 10, 5, 900, 1010, 940, 1510, 1440),
(456, 10, 6, 950, 1050, 990, 1610, 1540),
(457, 10, 7, 750, 850, 780, 1310, 1240),
(458, 10, 8, 1000, 1100, 1030, 1560, 1490),
(459, 10, 9, 600, 710, 650, 1210, 1190),
(460, 10, 10, 1100, 1200, 1130, 1610, 1590),
(461, 11, 1, 525, 650, 670, 1130, 1000),
(462, 11, 2, 505, 630, 650, 1080, 950),
(463, 11, 3, 545, 610, 570, 1430, 1300),
(464, 11, 4, 825, 940, 820, 1430, 1300),
(465, 11, 5, 925, 1050, 920, 1530, 1400),
(466, 11, 6, 975, 1090, 970, 1630, 1500),
(467, 11, 7, 775, 890, 760, 1330, 1200),
(468, 11, 8, 1025, 1140, 1010, 1580, 1450),
(469, 11, 9, 625, 750, 630, 1230, 1150),
(470, 11, 10, 1125, 1240, 1110, 1630, 1550),
(471, 12, 1, 550, 690, 650, 1150, 960),
(472, 12, 2, 530, 670, 630, 1100, 910),
(473, 12, 3, 570, 650, 550, 1450, 1260),
(474, 12, 4, 850, 980, 800, 1450, 1260),
(475, 12, 5, 950, 1090, 900, 1550, 1360),
(476, 12, 6, 1000, 1130, 950, 1650, 1460),
(477, 12, 7, 800, 930, 740, 1350, 1160),
(478, 12, 8, 1050, 1180, 990, 1600, 1410),
(479, 12, 9, 650, 790, 610, 1250, 1110),
(480, 12, 10, 1150, 1280, 1090, 1650, 1510),
(481, 13, 1, 500, 630, 760, 1060, 950),
(482, 13, 2, 480, 610, 740, 1010, 900),
(483, 13, 3, 520, 590, 660, 1360, 1250),
(484, 13, 4, 800, 920, 910, 1360, 1250),
(485, 13, 5, 900, 1030, 1010, 1460, 1350),
(486, 13, 6, 950, 1070, 1060, 1560, 1450),
(487, 13, 7, 750, 870, 850, 1260, 1150),
(488, 13, 8, 1000, 1120, 1100, 1510, 1400),
(489, 13, 9, 600, 730, 720, 1160, 1100),
(490, 13, 10, 1100, 1220, 1200, 1560, 1500),
(491, 14, 1, 475, 600, 740, 1080, 980),
(492, 14, 2, 455, 580, 720, 1030, 930),
(493, 14, 3, 495, 560, 640, 1380, 1280),
(494, 14, 4, 775, 890, 890, 1380, 1280),
(495, 14, 5, 875, 1000, 990, 1480, 1380),
(496, 14, 6, 925, 1040, 1040, 1580, 1480),
(497, 14, 7, 725, 840, 830, 1280, 1180),
(498, 14, 8, 975, 1090, 1080, 1530, 1430),
(499, 14, 9, 575, 700, 700, 1180, 1130),
(500, 14, 10, 1075, 1190, 1180, 1580, 1530),
(501, 15, 1, 450, 570, 720, 1100, 1010),
(502, 15, 2, 430, 550, 700, 1050, 960),
(503, 15, 3, 470, 530, 620, 1400, 1310),
(504, 15, 4, 750, 860, 870, 1400, 1310),
(505, 15, 5, 850, 970, 970, 1500, 1410),
(506, 15, 6, 900, 1010, 1020, 1600, 1510),
(507, 15, 7, 700, 810, 810, 1300, 1210),
(508, 15, 8, 950, 1060, 1060, 1550, 1460),
(509, 15, 9, 550, 670, 680, 1200, 1160),
(510, 15, 10, 1050, 1160, 1160, 1600, 1560),
(511, 16, 1, 450, 540, 700, 1120, 1040),
(512, 16, 2, 430, 520, 680, 1070, 990),
(513, 16, 3, 470, 500, 600, 1420, 1340),
(514, 16, 4, 750, 830, 850, 1420, 1340),
(515, 16, 5, 850, 940, 950, 1520, 1440),
(516, 16, 6, 900, 980, 1000, 1620, 1540),
(517, 16, 7, 700, 780, 790, 1320, 1240),
(518, 16, 8, 950, 1030, 1040, 1570, 1490),
(519, 16, 9, 550, 640, 660, 1220, 1190),
(520, 16, 10, 1050, 1130, 1140, 1620, 1590),
(521, 17, 1, 475, 510, 680, 1140, 1070),
(522, 17, 2, 455, 490, 660, 1090, 1020),
(523, 17, 3, 495, 470, 580, 1440, 1370),
(524, 17, 4, 775, 800, 830, 1440, 1370),
(525, 17, 5, 875, 910, 930, 1540, 1470),
(526, 17, 6, 925, 950, 980, 1640, 1570),
(527, 17, 7, 725, 750, 770, 1340, 1270),
(528, 17, 8, 975, 1000, 1020, 1590, 1520),
(529, 17, 9, 575, 610, 640, 1240, 1220),
(530, 17, 10, 1075, 1100, 1120, 1640, 1620),
(531, 18, 1, 500, 480, 660, 1160, 1100),
(532, 18, 2, 480, 460, 640, 1110, 1050),
(533, 18, 3, 520, 440, 560, 1460, 1400),
(534, 18, 4, 800, 770, 810, 1460, 1400),
(535, 18, 5, 900, 880, 910, 1560, 1500),
(536, 18, 6, 950, 920, 960, 1660, 1600),
(537, 18, 7, 750, 720, 750, 1360, 1300),
(538, 18, 8, 1000, 970, 1000, 1610, 1550),
(539, 18, 9, 600, 580, 620, 1260, 1250),
(540, 18, 10, 1100, 1070, 1100, 1660, 1650);

-- Seed for parking lots capacities
INSERT INTO public.parking_lot_capacity (id, parking_lot_id, capacity, utilization_type, truck_limit, bus_limit, valid_from, valid_to) VALUES
(1, 1, 2750, 'parking', 687, 916, '2000-01-01', '2025-03-02'),
(2, 2, 350, 'parking', 87, 116, '2000-01-01', '2025-03-02'),
(3, 3, 500, 'parking', 125, 166, '2000-01-01', '2025-03-02'),
(4, 4, 200, 'parking', 50, 66, '2000-01-01', '2025-03-02'),
(5, 5, 100, 'parking', 25, 33, '2000-01-01', '2025-03-02'),
(6, 6, 50, 'parking', 12, 16, '2000-01-01', '2025-03-02'),
(7, 7, 400, 'parking', 100, 133, '2000-01-01', '2025-03-02'),
(8, 8, 0, 'construction', 0, 0, '2000-01-01', '2025-03-02'),
(9, 9, 3000, 'parking', 750, 1000, '2000-01-01', '2025-03-02'),
(10, 10, 4600, 'parking', 0, 0, '2000-01-01', '2025-03-02'),
(11, 1, 0, 'construction', 0, 0, '2025-03-03', '2025-04-20'),
(12, 2, 250, 'parking', 62, 83, '2025-03-03', '2025-04-20'),
(13, 3, 200, 'parking', 50, 66, '2025-03-03', '2025-04-20'),
(14, 4, 200, 'parking', 50, 66, '2025-03-03', '2025-04-20'),
(15, 5, 100, 'parking', 25, 33, '2025-03-03', '2025-04-20'),
(16, 6, 0, 'construction', 0, 0, '2025-03-03', '2025-04-20'),
(17, 7, 0, 'construction', 0, 0, '2025-03-03', '2025-04-20'),
(18, 8, 0, 'construction', 0, 0, '2025-03-03', '2025-04-20'),
(19, 9, 0, 'construction', 0, 0, '2025-03-03', '2025-04-20'),
(20, 10, 4600, 'parking', 0, 0, '2025-03-03', '2025-04-20'),
(21, 1, 0, 'construction', 0, 0, '2025-04-21', '2040-12-31'),
(22, 2, 250, 'parking', 62, 83, '2025-04-21', '2040-12-31'),
(23, 3, 200, 'parking', 50, 66, '2025-04-21', '2040-12-31'),
(24, 4, 200, 'parking', 50, 66, '2025-04-21', '2040-12-31'),
(25, 5, 100, 'parking', 25, 33, '2025-04-21', '2040-12-31'),
(26, 6, 0, 'construction', 0, 0, '2025-04-21', '2040-12-31'),
(27, 7, 0, 'construction', 0, 0, '2025-04-21', '2040-12-31'),
(28, 8, 0, 'construction', 0, 0, '2025-04-21', '2040-12-31'),
(29, 9, 0, 'construction', 0, 0, '2025-04-21', '2040-12-31'),
(30, 10, 4600, 'parking', 0, 0, '2025-04-21', '2040-12-31');

-- Seed for events
-- Insert events into the event table
INSERT INTO public.event (id, name, early_assembly_start_date, early_assembly_end_date, assembly_start_date, assembly_end_date, runtime_start_date, runtime_end_date, disassembly_start_date, disassembly_end_date, late_disassembly_start_date, late_disassembly_end_date, color)
VALUES
(379, 'IFAT Munich 2024', NULL, NULL, '2024-05-09', '2024-05-12', '2024-05-13', '2024-05-17', '2024-05-18', '2024-05-20', NULL, NULL, 'FF0000'),
(22, 'fre.e + IMOT', NULL, NULL, '2025-02-14', '2025-02-18', '2025-02-19', '2025-02-23', '2025-02-24', '2025-02-25', NULL, NULL, '00FF00'),
(12, 'Münchner Autotage', NULL, NULL, '2025-02-16', '2025-02-18', '2025-02-19', '2025-02-23', '2025-02-24', '2025-02-25', NULL, NULL, '0000FF'),
(1, 'inhorgenta', NULL, NULL, '2025-02-17', '2025-02-20', '2025-02-21', '2025-02-24', '2025-02-25', '2025-02-27', NULL, NULL, 'FFFF00'),
(34, 'Lopec', NULL, NULL, '2025-02-23', '2025-02-24', '2025-02-25', '2025-02-27', '2025-02-28', '2025-02-28', NULL, NULL, 'FFA500'),
(58, 'IFAT Munich 2025', NULL, NULL, '2025-02-24', '2025-02-25', '2025-02-26', '2025-02-26', '2025-02-27', '2025-02-27', NULL, NULL, '800080');

-- Insert hall occupations
INSERT INTO public.hall_occupation (event_id, hall_id, date)
VALUES
(379, 1, '2024-05-09'), (379, 2, '2024-05-09'), (379, 3, '2024-05-09'), (379, 4, '2024-05-09'), (379, 5, '2024-05-09'), (379, 6, '2024-05-09'),
(379, 7, '2024-05-09'), (379, 8, '2024-05-09'), (379, 9, '2024-05-09'), (379, 10, '2024-05-09'), (379, 11, '2024-05-09'), (379, 12, '2024-05-09'),
(379, 13, '2024-05-09'), (379, 14, '2024-05-09'), (379, 15, '2024-05-09'), (379, 16, '2024-05-09'), (379, 17, '2024-05-09'), (379, 18, '2024-05-09'),
(22, 1, '2025-02-14'), (22, 2, '2025-02-14'), (22, 3, '2025-02-14'),
(12, 7, '2025-02-16'), (12, 8, '2025-02-16'), (12, 9, '2025-02-16'), (12, 13, '2025-02-16'), (12, 14, '2025-02-16'), (12, 15, '2025-02-16'),
(1, 10, '2025-02-17'), (1, 11, '2025-02-17'), (1, 12, '2025-02-17'), (1, 16, '2025-02-17'), (1, 17, '2025-02-17'), (1, 18, '2025-02-17'),
(34, 4, '2025-02-23'),
(58, 5, '2025-02-24'), (58, 6, '2025-02-24');

-- Insert visitor demands
INSERT INTO public.visitor_demand (event_id, date, demand, car_demand, truck_demand, bus_demand, status)
VALUES
(58, '2025-02-24', 6000, 0, 0, 0, 'assembly'), (58, '2025-02-25', 3999, 0, 0, 0, 'assembly'),
(58, '2025-02-27', 300, 0, 0, 0, 'disassembly'), (58, '2025-02-26', 300, 0, 0, 0, 'runtime'),
(22, '2025-02-14', 4500, 0, 0, 0, 'assembly'), (22, '2025-02-15', 4500, 0, 0, 0, 'assembly'), (22, '2025-02-16', 4500, 0, 0, 0, 'assembly'),
(22, '2025-02-17', 4500, 0, 0, 0, 'assembly'), (22, '2025-02-18', 4500, 0, 0, 0, 'assembly'), (22, '2025-02-24', 4500, 0, 0, 0, 'disassembly'), (22, '2025-02-25', 4500, 0, 0, 0, 'disassembly'),
(22, '2025-02-19', 4500, 0, 0, 0, 'runtime'), (22, '2025-02-20', 4500, 0, 0, 0, 'runtime'), (22, '2025-02-21', 4500, 0, 0, 0, 'runtime'), (22, '2025-02-22', 4500, 0, 0, 0, 'runtime'), (22, '2025-02-23', 4500, 0, 0, 0, 'runtime'),
(12, '2025-02-16', 3500, 0, 0, 0, 'assembly'), (12, '2025-02-17', 3500, 0, 0, 0, 'assembly'), (12, '2025-02-18', 3500, 0, 0, 0, 'assembly'),
(12, '2025-02-24', 3500, 0, 0, 0, 'disassembly'), (12, '2025-02-25', 3500, 0, 0, 0, 'disassembly'), (12, '2025-02-19', 3500, 0, 0, 0, 'runtime'), (12, '2025-02-20', 3500, 0, 0, 0, 'runtime'),
(12, '2025-02-21', 3500, 0, 0, 0, 'runtime'), (12, '2025-02-22', 3497, 0, 0, 0, 'runtime'), (12, '2025-02-23', 3498, 0, 0, 0, 'runtime'),
(379, '2024-05-09', 3000, 0, 0, 0, 'assembly'), (379, '2024-05-10', 3000, 0, 0, 0, 'assembly'), (379, '2024-05-11', 3000, 0, 0, 0, 'assembly'), (379, '2024-05-12', 3000, 0, 0, 0, 'assembly'),
(379, '2024-05-18', 3000, 0, 0, 0, 'disassembly'), (379, '2024-05-19', 2800, 0, 0, 0, 'disassembly'), (379, '2024-05-20', 2700, 0, 0, 0, 'disassembly'),
(379, '2024-05-13', 4500, 0, 0, 0, 'runtime'), (379, '2024-05-14', 4500, 0, 0, 0, 'runtime'), (379, '2024-05-15', 4500, 0, 0, 0, 'runtime'), (379, '2024-05-16', 4200, 0, 0, 0, 'runtime'), (379, '2024-05-17', 4000, 0, 0, 0, 'runtime'),
(1, '2025-02-17', 280, 0, 0, 0, 'assembly'), (1, '2025-02-18', 330, 0, 0, 0, 'assembly'), (1, '2025-02-19', 420, 0, 0, 0, 'assembly'), (1, '2025-02-20', 420, 0, 0, 0, 'assembly'),
(1, '2025-02-25', 340, 0, 0, 0, 'disassembly'), (1, '2025-02-26', 332, 0, 0, 0, 'disassembly'), (1, '2025-02-27', 320, 0, 0, 0, 'disassembly'),
(1, '2025-02-21', 500, 0, 0, 0, 'runtime'), (1, '2025-02-22', 500, 0, 0, 0, 'runtime'), (1, '2025-02-23', 550, 0, 0, 0, 'runtime'), (1, '2025-02-24', 500, 0, 0, 0, 'runtime'),
(34, '2025-02-23', 390, 0, 0, 0, 'assembly'), (34, '2025-02-24', 390, 0, 0, 0, 'assembly'), (34, '2025-02-25', 390, 0, 0, 0, 'assembly'),
(34, '2025-02-28', 500, 0, 0, 0, 'disassembly'),
(34, '2025-02-25', 6000, 0, 0, 0, 'runtime'), (34, '2025-02-26', 2600, 0, 0, 0, 'runtime'), (34, '2025-02-27', 2600, 0, 0, 0, 'runtime');

-- Insert entrance occupations
INSERT INTO public.entrance_occupation (event_id, entrance_id, date)
VALUES
(379, (SELECT id FROM public.entrance WHERE name = 'West'), '2024-05-09'), (379, (SELECT id FROM public.entrance WHERE name = 'West'), '2024-05-10'),
(379, (SELECT id FROM public.entrance WHERE name = 'West'), '2024-05-11'), (379, (SELECT id FROM public.entrance WHERE name = 'West'), '2024-05-12'),
(379, (SELECT id FROM public.entrance WHERE name = 'West'), '2024-05-13'), (379, (SELECT id FROM public.entrance WHERE name = 'West'), '2024-05-14'),
(379, (SELECT id FROM public.entrance WHERE name = 'West'), '2024-05-15'), (379, (SELECT id FROM public.entrance WHERE name = 'West'), '2024-05-16'),
(379, (SELECT id FROM public.entrance WHERE name = 'West'), '2024-05-17'), (379, (SELECT id FROM public.entrance WHERE name = 'West'), '2024-05-18'),
(379, (SELECT id FROM public.entrance WHERE name = 'West'), '2024-05-19'), (379, (SELECT id FROM public.entrance WHERE name = 'West'), '2024-05-20'),
(22, (SELECT id FROM public.entrance WHERE name = 'North'), '2025-02-14'), (22, (SELECT id FROM public.entrance WHERE name = 'North'), '2025-02-15'),
(22, (SELECT id FROM public.entrance WHERE name = 'North'), '2025-02-16'), (22, (SELECT id FROM public.entrance WHERE name = 'North'), '2025-02-17'),
(22, (SELECT id FROM public.entrance WHERE name = 'North'), '2025-02-18'), (22, (SELECT id FROM public.entrance WHERE name = 'North'), '2025-02-19'),
(22, (SELECT id FROM public.entrance WHERE name = 'North'), '2025-02-20'), (22, (SELECT id FROM public.entrance WHERE name = 'North'), '2025-02-21'),
(22, (SELECT id FROM public.entrance WHERE name = 'North'), '2025-02-22'), (22, (SELECT id FROM public.entrance WHERE name = 'North'), '2025-02-23'),
(22, (SELECT id FROM public.entrance WHERE name = 'North'), '2025-02-24'), (22, (SELECT id FROM public.entrance WHERE name = 'North'), '2025-02-25'),
(12, (SELECT id FROM public.entrance WHERE name = 'East'), '2025-02-16'), (12, (SELECT id FROM public.entrance WHERE name = 'East'), '2025-02-17'),
(12, (SELECT id FROM public.entrance WHERE name = 'East'), '2025-02-18'), (12, (SELECT id FROM public.entrance WHERE name = 'East'), '2025-02-19'),
(12, (SELECT id FROM public.entrance WHERE name = 'East'), '2025-02-20'), (12, (SELECT id FROM public.entrance WHERE name = 'East'), '2025-02-21'),
(12, (SELECT id FROM public.entrance WHERE name = 'East'), '2025-02-22'), (12, (SELECT id FROM public.entrance WHERE name = 'East'), '2025-02-23'),
(12, (SELECT id FROM public.entrance WHERE name = 'East'), '2025-02-24'), (12, (SELECT id FROM public.entrance WHERE name = 'East'), '2025-02-25'),
(1, (SELECT id FROM public.entrance WHERE name = 'West'), '2025-02-17'), (1, (SELECT id FROM public.entrance WHERE name = 'West'), '2025-02-18'),
(1, (SELECT id FROM public.entrance WHERE name = 'West'), '2025-02-19'), (1, (SELECT id FROM public.entrance WHERE name = 'West'), '2025-02-20'),
(1, (SELECT id FROM public.entrance WHERE name = 'West'), '2025-02-21'), (1, (SELECT id FROM public.entrance WHERE name = 'West'), '2025-02-22'),
(1, (SELECT id FROM public.entrance WHERE name = 'West'), '2025-02-23'), (1, (SELECT id FROM public.entrance WHERE name = 'West'), '2025-02-24'),
(1, (SELECT id FROM public.entrance WHERE name = 'West'), '2025-02-25'), (1, (SELECT id FROM public.entrance WHERE name = 'West'), '2025-02-26'),
(1, (SELECT id FROM public.entrance WHERE name = 'West'), '2025-02-27'),
(34, (SELECT id FROM public.entrance WHERE name = 'North East'), '2025-02-23'), (34, (SELECT id FROM public.entrance WHERE name = 'North East'), '2025-02-24'),
(34, (SELECT id FROM public.entrance WHERE name = 'North East'), '2025-02-25'), (34, (SELECT id FROM public.entrance WHERE name = 'North East'), '2025-02-26'),
(34, (SELECT id FROM public.entrance WHERE name = 'North East'), '2025-02-27'), (34, (SELECT id FROM public.entrance WHERE name = 'North East'), '2025-02-28'),
(58, (SELECT id FROM public.entrance WHERE name = 'North West'), '2025-02-24'), (58, (SELECT id FROM public.entrance WHERE name = 'North West'), '2025-02-25'),
(58, (SELECT id FROM public.entrance WHERE name = 'North West'), '2025-02-26'), (58, (SELECT id FROM public.entrance WHERE name = 'North West'), '2025-02-27');