-- Seed for halls
INSERT INTO public.hall (id, name, coordinates) VALUES 
(1, 'A1', ARRAY[
    48.1352644, 11.6943111,
    48.1338789, 11.6943299,
    48.1338897, 11.6953142,
    48.1352644, 11.6952928
]),
(2, 'A2', ARRAY[
    48.1352644, 11.6957927,
    48.1338789, 11.6958115,
    48.1338789, 11.696798,
    48.1352644, 11.6967803
]),
(3, 'A3', ARRAY[
    48.1352644, 11.6972707,
    48.1338789, 11.6972868,
    48.1338789, 11.6982665,
    48.1352644, 11.6982504
]),
(4, 'A4', ARRAY[
    48.1352644, 11.698881,
    48.1338789, 11.6988998,
    48.1338789, 11.6998822,
    48.1352644, 11.6998661
]),
(5, 'A5', ARRAY[
    48.1352644, 11.7003617,
    48.1338789, 11.7003778,
    48.1338789, 11.7013626,
    48.1352644, 11.7013438
]),
(6, 'A6', ARRAY[
    48.1352644, 11.7018373,
    48.1338789, 11.7018587,
    48.1338789, 11.7028409,
    48.1352644, 11.7028194
]),
(7, 'B1', ARRAY[
    48.1372428, 11.6942775,
    48.1358905, 11.694291,
    48.1358905, 11.6952868,
    48.1372499, 11.6952706
]),
(8, 'B2', ARRAY[
    48.1372428, 11.6957605,
    48.1358905, 11.6957739,
    48.1358905, 11.6967617,
    48.1372428, 11.6967429
]),
(9, 'B3', ARRAY[
    48.1372428, 11.6972353,
    48.1358905, 11.6972567,
    48.1358905, 11.6982418,
    48.1372428, 11.6982176
]),
(10, 'B4', ARRAY[
    48.1372428, 11.6988463,
    48.1358905, 11.6988463,
    48.1358905, 11.6998502,
    48.1372428, 11.6998314
]),
(11, 'B5', ARRAY[
    48.1372428, 11.7003262,
    48.1358955, 11.7003477,
    48.1359008, 11.7013301,
    48.1372428, 11.701314
]),
(12, 'B6', ARRAY[
    48.1372428, 11.7018049,
    48.1359042, 11.7018236,
    48.1359113, 11.7028007,
    48.1372428, 11.7027819
]),
(13, 'C1', ARRAY[
    48.1386835, 11.6942591,
    48.1374234, 11.6942725,
    48.1374234, 11.6952603,
    48.1386835, 11.6952415
]),
(14, 'C2', ARRAY[
    48.1386835, 11.695738,
    48.1374234, 11.6957541,
    48.1374234, 11.6967472,
    48.1386835, 11.6967258
]),
(15, 'C3', ARRAY[
    48.1386835, 11.6972158,
    48.1374234, 11.6972319,
    48.1374234, 11.698217,
    48.1386835, 11.6982009
]),
(16, 'C4', ARRAY[
    48.1386835, 11.6988308,
    48.1374234, 11.6988442,
    48.1374234, 11.6998213,
    48.1386835, 11.6998078
]),
(17, 'C5', ARRAY[
    48.1386835, 11.7002968,
    48.1374234, 11.7003102,
    48.1374234, 11.7013007,
    48.1386835, 11.7012873
]),
(18, 'C6', ARRAY[
    48.1386835, 11.7017778,
    48.1374234, 11.7017993,
    48.1374234, 11.702779,
    48.1386835, 11.7027629
]);

-- Seed for parking lots
INSERT INTO public.parking_lot (id, name, service_toilets, service_shelter, surface_material, pricing, external, coordinates) VALUES
(1, 'PN3', FALSE, FALSE, 'asphalt', 'medium', FALSE, ARRAY[
    48.1416717, 11.6976525,
    48.1416717, 11.6986207,
    48.1401933, 11.6986207,
    48.140305, 11.6982766,
    48.1412912, 11.6975564
]),
(2, 'PN4', FALSE, FALSE, 'asphalt', 'medium', FALSE, ARRAY[
    48.1416717, 11.6987077,
    48.1416717, 11.7001655,
    48.1398966, 11.7001655,
    48.1401687, 11.6987077,
    48.1416717, 11.6987077
]),
(3, 'PN5', FALSE, FALSE, 'asphalt', 'medium', FALSE, ARRAY[
    48.1398503, 11.7002558,
    48.1417189, 11.7002558,
    48.1417908, 11.7006613,
    48.1417908, 11.7014286,
    48.1396094, 11.7014286
]),
(4, 'PN6', FALSE, FALSE, 'asphalt', 'medium', FALSE, ARRAY[
    48.1417927, 11.7015224,
    48.1395914, 11.7015224,
    48.1392511, 11.7029725,
    48.1417927, 11.7029725
]),
(5, 'PN7', FALSE, FALSE, 'asphalt', 'medium', FALSE, ARRAY[
    48.1417927, 11.7030639,
    48.1392442, 11.7030639,
    48.138681, 11.7051081,
    48.1417856, 11.7051081
]),
(6, 'PN8', FALSE, FALSE, 'asphalt', 'medium', FALSE, ARRAY[
    48.1417927, 11.705206,
    48.1386471, 11.705206,
    48.1385085, 11.7058964,
    48.1417927, 11.7058964
]),
(7, 'PN9', FALSE, FALSE, 'asphalt', 'medium', FALSE, ARRAY[
    48.1417927, 11.7059918,
    48.1384872, 11.7059918,
    48.1383312, 11.7069292,
    48.1412558, 11.7069292,
    48.1417927, 11.7062788
]),
(8, 'PN10', FALSE, FALSE, 'field', 'medium', FALSE, ARRAY[
    48.1411866, 11.7070216,
    48.1383249, 11.7070216,
    48.1382488, 11.7077726,
    48.1382099, 11.7085195,
    48.1395039, 11.7085195
]),
(9, 'PN11', FALSE, FALSE, 'field', 'medium', FALSE, ARRAY[
    48.1394421, 11.7085921,
    48.1382099, 11.7085921,
    48.1382058, 11.7096716
]),
(10, 'PN12', FALSE, FALSE, 'field', 'medium', FALSE, ARRAY[
    48.14051, 11.7077089,
    48.1382142, 11.7097721,
    48.1382657, 11.7104665,
    48.1383662, 11.7111512,
    48.14051, 11.708891
]),
(11, 'PM3', FALSE, FALSE, 'field', 'medium', FALSE, ARRAY[
    48.1390493, 11.6972283,
    48.1390558, 11.6980711,
    48.1398488, 11.6980645,
    48.1399943, 11.6973839,
    48.1399854, 11.6972524,
    48.1399353, 11.6971961,
    48.1390493, 11.6972283
]),
(12, 'PM4', FALSE, FALSE, 'field', 'medium', FALSE, ARRAY[
    48.1396359, 11.6989453,
    48.1394766, 11.6997899,
    48.1390596, 11.6997872,
    48.1390578, 11.6989479
]),
(13, 'PM5', FALSE, FALSE, 'field', 'medium', FALSE, ARRAY[
    48.1394505, 11.7001903,
    48.1390535, 11.7001831,
    48.1390458, 11.7014863,
    48.1391777, 11.7014832
]),
(14, 'PM7', FALSE, FALSE, 'asphalt', 'medium', FALSE, ARRAY[
    48.1385681, 11.7034823,
    48.1361815, 11.7035074,
    48.1361882, 11.7043663,
    48.1359054, 11.7043925,
    48.1359051, 11.7047203,
    48.1376266, 11.7046675,
    48.1379881, 11.7044422,
    48.1382531, 11.7041741,
    48.1384786, 11.7037719
]),
(15, 'PM8', FALSE, FALSE, 'asphalt', 'medium', FALSE, ARRAY[
    48.1380376, 11.704922,
    48.1380497, 11.7058797,
    48.1378568, 11.7058856,
    48.1378643, 11.7067451,
    48.1358968, 11.7055821,
    48.1358932, 11.7050025,
    48.1380412, 11.704922
]),
(16, 'PS9', FALSE, FALSE, 'field', 'medium', FALSE, ARRAY[
    48.1357594, 11.7060516,
    48.1335252, 11.7060516,
    48.1335252, 11.7072136,
    48.1378066, 11.7072136
]),
(17, 'PS10', FALSE, FALSE, 'field', 'medium', FALSE, ARRAY[
    48.1378146, 11.7073208,
    48.1335252, 11.7073208,
    48.1335252, 11.7085271,
    48.1378146, 11.7085271
]),
(18, 'PS11', FALSE, FALSE, 'field', 'medium', FALSE, ARRAY[
    48.1378146, 11.7086541,
    48.1335252, 11.7086541,
    48.1335252, 11.7097554,
    48.1378146, 11.7097554
]),
(19, 'PS12', FALSE, FALSE, 'field', 'medium', FALSE, ARRAY[
    48.1378146, 11.7098696,
    48.1335252, 11.7098696,
    48.1335252, 11.7109126,
    48.1378146, 11.7109126
]),
(20, 'PWest', TRUE, TRUE, 'field', 'high', FALSE, ARRAY[
    48.1389099, 11.6903538,
    48.1379863, 11.6912121,
    48.1387381, 11.6931111,
    48.1396832, 11.6922742
]);

-- Seed for entrances
INSERT INTO public.entrance (id, name, coordinates) VALUES 
(1, 'West', ARRAY[
    48.1356705, 11.6923508,
    48.1356705, 11.6925869,
    48.1359211, 11.6924581,
    48.1359211, 11.6937998,
    48.1358173, 11.6937998,
    48.1358173, 11.6942023,
    48.1352982, 11.6942023,
    48.1352982, 11.6938267,
    48.1351371, 11.6938267,
    48.1351371, 11.6925171,
    48.1353375, 11.6926191,
    48.1353375, 11.6923508
]),
(2, 'North West', ARRAY[
    48.1385618, 11.6931191,
    48.1387927, 11.6937041,
    48.1386104, 11.6938642,
    48.1383792, 11.6932828
]),
(3, 'North', ARRAY[
    48.139618, 11.6982526,
    48.1388842, 11.6982526,
    48.1388842, 11.6987604,
    48.1396186, 11.6987604
]),
(4, 'North East', ARRAY[
    48.1390193, 11.7018368,
    48.1387562, 11.7018368,
    48.1387562, 11.7027629,
    48.1388672, 11.7027629,
    48.1390193, 11.7022794
]),
(5, 'East', ARRAY[
    48.1357535, 11.7028213,
    48.1357535, 11.7032512,
    48.1359867, 11.7032512,
    48.1359867, 11.7042106,
    48.1357535, 11.7040631,
    48.1357535, 11.7042674,
    48.1354206, 11.7042674,
    48.1354206, 11.7040631,
    48.1352185, 11.7042106,
    48.1352185, 11.7032665,
    48.135417, 11.7032665,
    48.135417, 11.7028213
]);


-- Seed for parking lots capacities
INSERT INTO public.parking_lot_capacity (id, parking_lot_id, capacity, utilization_type, truck_limit, bus_limit, valid_from, valid_to) VALUES
(1, 1, 260, 'parking', 65, 86, '2000-01-01', '2099-12-31'),
(2, 2, 675, 'parking', 168, 225, '2000-01-01', '2099-12-31'),
(3, 3, 650, 'parking', 162, 216, '2000-01-01', '2099-12-31'),
(4, 4, 900, 'parking', 225, 300, '2000-01-01', '2099-12-31'),
(5, 5, 1500, 'parking', 375, 500, '2000-01-01', '2099-12-31'),
(6, 6, 575, 'parking', 143, 191, '2000-01-01', '2099-12-31'),
(7, 7, 750, 'parking', 187, 250, '2000-01-01', '2099-12-31'),
(8, 8, 800, 'parking', 200, 266, '2000-01-01', '2099-12-31'),
(9, 9, 70, 'parking', 17, 23, '2000-01-01', '2099-12-31'),
(10, 10, 900, 'parking', 225, 300, '2000-01-01', '2099-12-31'),
(11, 11, 225, 'parking', 56, 75, '2000-01-01', '2099-12-31'),
(12, 12, 100, 'parking', 25, 33, '2000-01-01', '2099-12-31'),
(13, 13, 50, 'parking', 12, 16, '2000-01-01', '2099-12-31'),
(14, 14, 1100, 'parking', 275, 366, '2000-01-01', '2099-12-31'),
(15, 15, 900, 'parking', 225, 300, '2000-01-01', '2099-12-31'),
(16, 16, 1130, 'parking', 282, 376, '2000-01-01', '2099-12-31'),
(17, 17, 1340, 'parking', 335, 446, '2000-01-01', '2099-12-31'),
(18, 18, 1340, 'parking', 335, 446, '2000-01-01', '2099-12-31'),
(19, 19, 1230, 'parking', 307, 410, '2000-01-01', '2099-12-31'),
(20, 20, 4600, 'parking', 0, 0, '2000-01-01', '2099-12-31');

-- Insert entrance parking lot distance matrix
INSERT INTO public.entrance_parking_lot_distance (id, entrance_id, parking_lot_id, distance) VALUES
(1, 1, 1, 370),
(2, 1, 2, 767),
(3, 1, 3, 900),
(4, 1, 4, 1010),
(5, 1, 5, 1370),
(6, 1, 6, 1436),
(7, 1, 7, 1840),
(8, 1, 8, 1920),
(9, 1, 9, 2000),
(10, 1, 10, 2086),
(11, 1, 11, 962),
(12, 1, 12, 982),
(13, 1, 13, 1050),
(14, 1, 14, 1120),
(15, 1, 15, 1210),
(16, 1, 16, 1370),
(17, 1, 17, 1460),
(18, 1, 18, 1620),
(19, 1, 19, 1670),
(20, 1, 20, 1830),
(21, 2, 1, 120),
(22, 2, 2, 472),
(23, 2, 3, 574),
(24, 2, 4, 566),
(25, 2, 5, 918),
(26, 2, 6, 1012),
(27, 2, 7, 1430),
(28, 2, 8, 1490),
(29, 2, 9, 1570),
(30, 2, 10, 1640),
(31, 2, 11, 545),
(32, 2, 12, 540),
(33, 2, 13, 622),
(34, 2, 14, 695),
(35, 2, 15, 790),
(36, 2, 16, 890),
(37, 2, 17, 970),
(38, 2, 18, 1050),
(39, 2, 19, 1140),
(40, 2, 20, 1420),
(41, 3, 1, 631),
(42, 3, 2, 50),
(43, 3, 3, 50),
(44, 3, 4, 171),
(45, 3, 5, 526),
(46, 3, 6, 597),
(47, 3, 7, 1000),
(48, 3, 8, 1080),
(49, 3, 9, 1160),
(50, 3, 10, 1240),
(51, 3, 11, 143),
(52, 3, 12, 151),
(53, 3, 13, 213),
(54, 3, 14, 280),
(55, 3, 15, 540),
(56, 3, 16, 611),
(57, 3, 17, 650),
(58, 3, 18, 742),
(59, 3, 19, 750),
(60, 3, 20, 997),
(61, 4, 1, 946),
(62, 4, 2, 378),
(63, 4, 3, 270),
(64, 4, 4, 151),
(65, 4, 5, 180),
(66, 4, 6, 261),
(67, 4, 7, 658),
(68, 4, 8, 736),
(69, 4, 9, 812),
(70, 4, 10, 896),
(71, 4, 11, 485),
(72, 4, 12, 365),
(73, 4, 13, 265),
(74, 4, 14, 221),
(75, 4, 15, 226),
(76, 4, 16, 209),
(77, 4, 17, 294),
(78, 4, 18, 325),
(79, 4, 19, 439),
(80, 4, 20, 680),
(81, 5, 1, 1320),
(82, 5, 2, 760),
(83, 5, 3, 606),
(84, 5, 4, 530),
(85, 5, 5, 153),
(86, 5, 6, 175),
(87, 5, 7, 187),
(88, 5, 8, 283),
(89, 5, 9, 354),
(90, 5, 10, 446),
(91, 5, 11, 963),
(92, 5, 12, 947),
(93, 5, 13, 755),
(94, 5, 14, 687),
(95, 5, 15, 682),
(96, 5, 16, 667),
(97, 5, 17, 635),
(98, 5, 18, 560),
(99, 5, 19, 552),
(100, 5, 20, 739);