id;name;assembly_start_date;assembly_end_date;runtime_start_date;runtime_end_date;disassembly_start_date;disassembly_end_date;entrance;hall_id;previous_event_id;assembly_demand_cars;assembly_demand_busses;assembly_demand_trucks;runtime_demand_cars;runtime_demand_busses;runtime_demand_trucks;disassembly_demand_cars;disassembly_demand_busses;disassembly_demand_trucks;parking_lot_allocation
90;OPTI München;2024-01-07;2024-01-11;2024-01-12;2024-01-15;2024-01-16;2024-01-18;north_east;13,14,15,16;;600;30;110;3120;60;60;580;30;110;
91;Evakuierungshalle Flüchtende;2024-01-15;2024-01-15;2024-01-16;2024-02-06;2024-02-07;2024-02-07;north_west;6;;190;10;40;430;10;10;160;10;30;
92;f.re.e;2024-02-07;2024-02-13;2024-02-14;2024-02-19;2024-02-20;2024-02-23;north_west;3,4,5,6,9,10,11,12,16;;2500;140;470;4930;90;100;1650;90;310;
93;INHORGENTA MUNICH;2024-02-08;2024-02-15;2024-02-16;2024-02-20;2024-02-21;2024-02-25;north_west;1,2,7,8,13,14;;1390;80;260;4090;80;80;1300;70;240;
94;IMOT;2024-02-12;2024-02-15;2024-02-16;2024-02-19;2024-02-20;2024-02-22;north_west;17,18;;440;20;80;680;10;10;330;20;60;
95;digitalBAU;2024-02-19;2024-02-19;2024-02-20;2024-02-23;2024-02-24;2024-02-24;west;1;;100;0;20;460;10;10;30;0;10;
96;Evakuierungshalle Flüchtende;2024-02-21;2024-02-21;2024-02-22;2024-03-11;2024-03-12;2024-03-12;north_east;12;;160;10;30;590;10;10;160;10;30;
97;IHM Leergut Halle;2024-02-22;2024-02-22;2024-02-23;2024-03-09;2024-03-10;2024-03-10;north_east;16;;20;0;0;10;0;0;10;0;0;
98;IHM;2024-02-23;2024-02-27;2024-02-28;2024-03-04;2024-03-05;2024-03-08;west;7,8,9,13,14,15;;1770;100;330;4470;80;90;1540;80;290;
109;STAHLGRUBER Leistungsschau;2024-03-11;2024-03-15;2024-03-16;2024-03-18;2024-03-19;2024-03-21;east;7;;200;10;40;70;0;0;90;0;20;
112;Performance Days;2024-03-13;2024-03-19;2024-03-20;2024-03-22;2024-03-23;2024-03-25;east;13,14;;230;10;40;1450;30;30;450;20;80;
115;Evakuierungshalle Flüchtende;2024-03-21;2024-03-21;2024-03-22;2024-04-02;2024-04-03;2024-04-03;north_west;12;;80;0;10;50;0;0;190;10;30;
116;ceramitec;2024-03-27;2024-04-08;2024-04-09;2024-04-13;2024-04-14;2024-04-18;west;4,5,6;;860;50;160;1180;20;20;610;30;110;
119;analytica;2024-04-02;2024-04-08;2024-04-09;2024-04-13;2024-04-14;2024-04-18;east;1,2,3,7,8,9;;1060;60;200;4870;90;100;1610;90;300;
121;IFAT Munich;2024-05-03;2024-05-12;2024-05-13;2024-05-18;2024-05-19;2024-05-26;east;1,2,3,4,5,6,7,8,9,10,11,12,13,14,15,16,17,18;;3020;170;560;10430;190;220;2580;140;480;
122;Evakuierungshalle Flüchtende;2024-05-25;2024-05-25;2024-05-26;2024-06-08;2024-06-09;2024-06-09;west;12;;20;0;0;180;0;0;150;10;30;
123;OutDoor by ISPO;2024-05-28;2024-06-02;2024-06-03;2024-06-06;2024-06-07;2024-06-11;north_east;1,2,3;;780;40;150;1020;20;20;620;30;120;
124;Architect@Work;2024-05-30;2024-06-04;2024-06-05;2024-06-07;2024-06-08;2024-06-10;east;6;;70;0;10;40;0;0;160;10;30;
125;Outdoor Atrium;2024-06-02;2024-06-02;2024-06-03;2024-06-06;2024-06-07;2024-06-07;north_east;1,2,3,4;;400;20;80;1870;30;40;1000;60;190;
126;The smarter E Europe;2024-06-10;2024-06-18;2024-06-19;2024-06-22;2024-06-23;2024-06-28;north_west;1,2,3,4,5,6,7,8,9,10,11,12,13,14,15,16,17,18;;2720;150;510;5440;100;110;2890;160;540;
127;Evakuierungshalle Flüchtende;2024-06-26;2024-06-26;2024-06-27;2024-07-01;2024-07-02;2024-07-02;north_west;12;;200;10;40;460;10;10;90;0;20;
128;Trendset Juli;2024-06-27;2024-07-05;2024-07-06;2024-07-09;2024-07-10;2024-07-12;east;1,2,3,7,8,9;;1110;60;210;3640;70;80;1720;100;320;
129;Produktion Halle Konzerte;2024-06-30;2024-06-30;2024-07-01;2024-09-03;2024-09-04;2024-09-04;east;17;;80;0;20;490;10;10;50;0;10;
130;Evakuierungshalle Flüchtende;2024-07-10;2024-07-10;2024-07-11;2024-09-16;2024-09-17;2024-09-17;north_west;12;;120;10;20;100;0;0;180;10;30;
131;IAS 2024 AIDS Kongress;2024-07-11;2024-07-19;2024-07-20;2024-07-27;2024-07-28;2024-07-29;east;1,2,7,13;;480;30;90;2350;40;50;900;50;170;
132;AIDS Kongress Leerguthallte;2024-07-11;2024-07-11;2024-07-12;2024-07-28;2024-07-29;2024-07-29;north_west;8;;180;10;30;350;10;10;140;10;30;
133;VIP Konzerte;2024-07-14;2024-07-14;2024-07-15;2024-09-03;2024-09-04;2024-09-04;east;18;;170;10;30;440;10;10;150;10;30;
134;Evakuierungshallen Konzerte;2024-08-01;2024-08-01;2024-08-02;2024-09-01;2024-09-02;2024-09-02;west;13,14,15,16;;600;30;110;2840;50;60;810;40;150;
147;EXPO REAL;2024-09-25;2024-10-06;2024-10-07;2024-10-10;2024-10-11;2024-10-15;east;1,2,3,7,8,9,13,14;;2290;130;430;4590;80;100;850;50;160;
148;Evakuierungshalle Flüchtende;2024-09-25;2024-09-25;2024-09-26;2024-10-01;2024-10-02;2024-10-02;north_west;18;;90;0;20;80;0;0;100;0;20;
149;EXPOPHARM / DAT;2024-10-02;2024-10-08;2024-10-09;2024-10-13;2024-10-14;2024-10-17;north_east;11,12,17,18;;1200;70;220;2640;50;60;810;40;150;
150;eMove360°;2024-10-09;2024-10-14;2024-10-15;2024-10-18;2024-10-19;2024-10-21;east;6;;140;10;30;130;0;0;80;0;20;
151;Celonis;2024-10-12;2024-10-21;2024-10-22;2024-10-25;2024-10-26;2024-11-03;east;7,8;;450;20;80;720;10;20;430;20;80;
152;Wessels + Müller;2024-10-14;2024-10-17;2024-10-18;2024-10-21;2024-10-22;2024-10-24;north_west;14,15,16;;660;40;120;2330;40;50;900;50;170;
153;Celonis Lager;2024-10-14;2024-10-14;2024-10-15;2024-11-03;2024-11-04;2024-11-04;west;9;;10;0;0;510;10;10;120;10;20;
154;Perf. Days;2024-10-16;2024-10-22;2024-10-23;2024-10-25;2024-10-26;2024-10-28;north_east;1,2;;350;20;60;650;10;10;440;20;80;
155;BEAUTY FORUM;2024-10-21;2024-10-25;2024-10-26;2024-10-28;2024-10-29;2024-10-31;north_west;13,14,15;;660;40;120;2090;40;40;810;40;150;
156;electronica;2024-11-05;2024-11-11;2024-11-12;2024-11-16;2024-11-17;2024-11-22;west;1,2,3,4,5,6,7,8,9,10,11,12,13,14,15,16,17,18;;3340;180;620;11690;220;240;3410;190;640;
157;SEMICON Europa;2024-11-11;2024-11-11;2024-11-12;2024-11-16;2024-11-17;2024-11-17;west;13;;170;10;30;70;0;0;170;10;30;
158;Aviation Forum;2024-11-20;2024-11-25;2024-11-26;2024-11-28;2024-11-29;2024-12-01;north_east;18;;190;10;40;560;10;10;60;0;10;
159;HEIM + HANDWERK/Food&Life;2024-11-22;2024-11-26;2024-11-27;2024-12-02;2024-12-03;2024-12-06;north_west;4,5,6,10,11,12;;1160;60;220;3790;70;80;1500;80;280;
160;ISPO Munich;2024-11-26;2024-12-02;2024-12-03;2024-12-06;2024-12-07;2024-12-11;east;1,2,3,7,8,9,13,14,15,16,17;;3190;180;600;6440;120;130;2120;120;400;
161;BAU;2025-01-06;2025-01-12;2025-01-13;2025-01-18;2025-01-19;2025-01-26;west;1,2,3,4,5,6,7,8,9,10,11,12,13,14,15,16,17,18;;3300;180;620;6330;120;130;2560;140;480;
162;Trendset;2025-01-23;2025-01-30;2025-01-31;2025-02-03;2025-02-04;2025-02-06;west;1,2,3,7,8,9;;1520;80;280;3590;70;70;1030;60;190;
163;Bauma Mediendialog;2025-01-24;2025-01-24;2025-01-25;2025-01-31;2025-02-01;2025-02-01;north_east;18;;100;0;20;270;0;0;120;10;20;
164;opti;2025-01-26;2025-01-30;2025-01-31;2025-02-03;2025-02-04;2025-02-06;west;13,14,15,16,17;;860;50;160;3810;70;80;1290;70;240;
165;F.RE.E;2025-02-12;2025-02-18;2025-02-19;2025-02-24;2025-02-25;2025-02-28;north_east;3,4,5,6,9,10,11,12,15,16;;2980;160;560;5330;100;110;2660;150;500;
166;INHORGENTA MUNICH;2025-02-13;2025-02-20;2025-02-21;2025-02-25;2025-02-26;2025-03-02;east;1,2,7,8,13,14;93;870;50;160;4180;80;90;740;40;140;
167;IMOT;2025-02-17;2025-02-20;2025-02-21;2025-02-24;2025-02-25;2025-02-27;west;17,18;94;270;20;50;1430;30;30;320;20;60;
168;ICE / CCE / InPrint;2025-03-06;2025-03-10;2025-03-11;2025-03-14;2025-03-15;2025-03-17;north_east;3,4,5,6;;440;20;80;2070;40;40;430;20;80;
169;IHM;2025-03-07;2025-03-11;2025-03-12;2025-03-17;2025-03-18;2025-03-21;north_east;7,8,9,10,13,14,15;;760;40;140;4450;80;90;1680;90;320;
170;bauma;2025-03-21;2025-04-06;2025-04-07;2025-04-14;2025-04-15;2025-04-27;north_east;1,2,3,4,5,6,7,8,9,10,11,12,13,14,15,16,17,18;;3170;180;600;15800;290;330;2960;160;550;
171;The smarter E Europe;2025-04-28;2025-05-06;2025-05-07;2025-05-10;2025-05-11;2025-05-15;north_west;1,2,3,4,5,6,7,8,9,10,11,12,13,14,15,16,17,18;126;2710;150;510;11170;210;230;4830;270;900;
172;OutDoor by ISPO;2025-05-14;2025-05-18;2025-05-19;2025-05-22;2025-05-23;2025-05-27;west;1,2,3,7,8,9;;1570;90;290;4910;90;100;1700;90;320;
173;transport logistic;2025-05-23;2025-06-01;2025-06-02;2025-06-06;2025-06-07;2025-06-11;east;1,2,3,4,5,6,7,8,9,10,11,12;;2980;160;560;7640;140;160;2720;150;510;
174;automatica;2025-06-13;2025-06-23;2025-06-24;2025-06-28;2025-06-29;2025-07-04;north_west;4,5,6,10,11,12,16,17,18;;1780;100;330;3220;60;70;1220;70;230;
175;LASER World of PHOTONICS;2025-06-18;2025-06-23;2025-06-24;2025-06-28;2025-06-29;2025-07-03;west;1,2,3,7,8,9,13,14,15;;1820;100;340;3380;60;70;1320;70;250;
176;BLOCKER Salesforce World Tour München;2025-07-04;2025-07-09;2025-07-10;2025-07-11;2025-07-12;2025-07-15;north_east;18;;190;10;40;140;0;0;20;0;0;
177;Trendset Juli;2025-07-06;2025-07-11;2025-07-12;2025-07-15;2025-07-16;2025-07-18;north_east;4,5,6,10,11,12;;1580;90;300;3580;70;70;1140;60;210;
178;BLOCKER Salesforce World Tour München;2025-07-16;2025-07-21;2025-07-22;2025-07-23;2025-07-24;2025-07-27;north_east;12,18;;280;20;50;1640;30;30;360;20;70;
179;IAA 2025;2025-08-27;2025-09-08;2025-09-09;2025-09-13;2025-09-14;2025-09-19;east;1,2,3,7,8,9;;1140;60;210;3770;70;80;1360;80;260;
180;drinktec;2025-09-03;2025-09-14;2025-09-15;2025-09-20;2025-09-21;2025-09-28;east;4,5,6,10,11,12,13,14,15,16,17,18;;3370;190;630;9340;170;190;2160;120;400;
181;expo real Leergut Halle;2025-09-22;2025-09-22;2025-09-23;2025-10-13;2025-10-14;2025-10-14;west;9;;40;0;10;180;0;0;180;10;30;
182;EXPO REAL;2025-09-28;2025-10-05;2025-10-06;2025-10-09;2025-10-10;2025-10-14;north_west;1,2,3,7,8,9,13,14,15,1,2,3,7,8,9,13,14,15;;3560;200;670;7120;130;150;2280;130;430;
185;Inter Airport;2025-10-01;2025-10-06;2025-10-07;2025-10-10;2025-10-11;2025-10-15;east;11,12,17,18,11,12,17,18;;1530;80;290;7080;130;150;2160;120;400;
187;BEAUTY FORUM;2025-10-13;2025-10-17;2025-10-18;2025-10-20;2025-10-21;2025-10-23;north_west;13,14,15;155;760;40;140;1670;30;30;890;50;170;
188;Wessels & Müller;2025-10-13;2025-10-16;2025-10-17;2025-10-20;2025-10-21;2025-10-23;north_east;1,2,3;;690;40;130;2540;50;50;600;30;110;
189;CSU Parteitag;2025-10-17;2025-10-23;2025-10-24;2025-10-26;2025-10-27;2025-10-29;east;18;;50;0;10;220;0;0;10;0;0;
190;Celonis;2025-10-20;2025-11-02;2025-11-03;2025-11-06;2025-11-07;2025-11-12;west;7,8,9;;610;30;120;2580;50;50;740;40;140;
191;The Munich Show;2025-10-25;2025-10-29;2025-10-30;2025-11-03;2025-11-04;2025-11-06;east;4,5,6,11,12;;1500;80;280;4470;80;90;890;50;170;
192;Performance Days;2025-10-25;2025-10-28;2025-10-29;2025-10-31;2025-11-01;2025-11-03;east;1,2,13,14;;600;30;110;2650;50;60;1110;60;210;
193;SEMICON Europa;2025-11-10;2025-11-17;2025-11-18;2025-11-22;2025-11-23;2025-11-27;west;7,8;;470;30;90;820;20;20;420;20;80;
194;productronica;2025-11-10;2025-11-17;2025-11-18;2025-11-22;2025-11-23;2025-11-27;north_east;1,2,3,4,9,10,11;;740;40;140;4310;80;90;1280;70;240;
195;eMove360°;2025-11-12;2025-11-17;2025-11-18;2025-11-21;2025-11-22;2025-11-24;west;12;;30;0;10;320;0;10;130;10;20;
196;ISPO Munich;2025-11-27;2025-12-01;2025-12-02;2025-12-05;2025-12-06;2025-12-10;north_east;1,2,3,7,8,9,13,14,15,16,17;160;1170;60;220;7930;150;160;2930;160;550;
197;HEIM + HANDWERK/Food&Life;2025-11-28;2025-12-02;2025-12-03;2025-12-08;2025-12-09;2025-12-12;west;4,5,6,10,11,12;159;840;50;160;2370;40;50;1460;80;270;
198;Alternative Meisterfeier;2025-12-02;2025-12-05;2025-12-06;2025-12-07;2025-12-08;2025-12-09;north_east;18;;0;0;0;260;0;0;170;10;30;
199;Blocker HPE SKO 2025 - ohne Option;2025-12-09;2025-12-14;2025-12-15;2025-12-19;2025-12-20;2025-12-25;north_west;16,17,18;;490;30;90;1580;30;30;860;50;160;
201;Trendset Januar;2025-12-31;2026-01-03;2026-01-04;2026-01-07;2026-01-08;2026-01-10;west;1,2,3,7,8,9;;1620;90;300;2150;40;40;950;50;180;
203;OPTI München;2026-01-12;2026-01-15;2026-01-16;2026-01-19;2026-01-20;2026-01-22;east;13,14,15,16,17;;530;30;100;2070;40;40;750;40;140;
204;digitalBAU Alternativtermin;2026-01-22;2026-01-26;2026-01-27;2026-01-30;2026-01-31;2026-02-03;north_west;17,18;;290;20;50;1480;30;30;440;20;80;
205;f.re.e;2026-02-11;2026-02-17;2026-02-18;2026-02-23;2026-02-24;2026-02-27;west;3,4,5,6,9,10,11,12,15,16;;1090;60;200;8020;150;170;2580;140;480;
206;INHORGENTA MUNICH;2026-02-12;2026-02-19;2026-02-20;2026-02-24;2026-02-25;2026-03-01;west;1,2,7,8,13,14;166;1600;90;300;4890;90;100;1040;60;190;
207;IMOT;2026-02-16;2026-02-19;2026-02-20;2026-02-23;2026-02-24;2026-02-26;north_east;17,18;167;410;20;80;1080;20;20;450;20;80;
208;IHM;2026-02-27;2026-03-03;2026-03-04;2026-03-09;2026-03-10;2026-03-13;north_west;7,8,9,10,13,14,15;169;1880;100;350;6220;120;130;1940;110;360;
209;STAHLGRUBER Leistungsschau;2026-03-02;2026-03-06;2026-03-07;2026-03-09;2026-03-10;2026-03-12;east;6,12;;430;20;80;720;10;20;590;30;110;
210;architect@work;2026-03-05;2026-03-10;2026-03-11;2026-03-13;2026-03-14;2026-03-16;north_east;1;;130;10;20;80;0;0;160;10;30;
211;LOPEC;2026-03-06;2026-03-09;2026-03-10;2026-03-13;2026-03-14;2026-03-16;north_west;17,18;;370;20;70;770;10;20;410;20;80;
213;ceramitec;2026-03-15;2026-03-23;2026-03-24;2026-03-28;2026-03-29;2026-04-02;north_east;4,5,6,10,11,12;;1110;60;210;3450;60;70;700;40;130;
214;analytica;2026-03-18;2026-03-23;2026-03-24;2026-03-28;2026-03-29;2026-04-02;west;1,2,3,7,8,9;;610;30;120;2780;50;60;1370;80;260;
215;Performance Days;2026-04-08;2026-04-14;2026-04-15;2026-04-17;2026-04-18;2026-04-20;east;13,14;;580;30;110;1390;20;30;400;20;70;
216;ECCMID 2026;2026-04-09;2026-04-16;2026-04-17;2026-04-22;2026-04-23;2026-04-24;west;1,2,3,4,5,7,8,9,10,11;;2870;160;540;4240;80;90;2210;120;420;
217;architect@work;2026-04-09;2026-04-14;2026-04-15;2026-04-17;2026-04-18;2026-04-20;north_east;6;;50;0;10;420;10;10;110;10;20;
218;digitalBAU;2026-04-09;2026-04-13;2026-04-14;2026-04-17;2026-04-18;2026-04-21;north_west;17,18;;380;20;70;770;10;20;380;20;70;
220;OutDoor by ISPO;2026-05-15;2026-05-19;2026-05-20;2026-05-23;2026-05-24;2026-05-28;east;3,4,5,6,9,10,11,12;;2330;130;440;6820;130;140;810;40;150;
221;Gala Versicherung;2026-05-16;2026-05-20;2026-05-21;2026-05-22;2026-05-23;2026-05-25;north_east;17,18;;340;20;60;1380;20;30;450;20;80;
222;BLOCKER SALESFORCE;2026-06-02;2026-06-07;2026-06-08;2026-06-09;2026-06-10;2026-06-14;north_west;12,18;;350;20;60;1130;20;20;470;30;90;
223;The smarter E Europe;2026-06-14;2026-06-23;2026-06-24;2026-06-27;2026-06-28;2026-07-02;north_west;1,2,3,4,5,6,7,8,9,10,11,12,13,14,15,16,17,18;171;4230;240;790;15220;280;320;2830;160;530;
225;Trendset Juli;2026-07-05;2026-07-10;2026-07-11;2026-07-14;2026-07-15;2026-07-17;west;1,2,3,7,8,9;;1720;100;320;3790;70;80;1280;70;240;
226;WCCM-ECCOMAS;2026-07-16;2026-07-19;2026-07-20;2026-07-25;2026-07-26;2026-07-27;west;13;;170;10;30;380;10;10;50;0;10;
227;ESC Congress;2026-08-14;2026-08-27;2026-08-28;2026-09-01;2026-09-02;2026-09-05;east;1,2,3,4,7,8,9,10;;2220;120;420;6310;120;130;990;60;180;
228;Intergeo;2026-09-10;2026-09-14;2026-09-15;2026-09-18;2026-09-19;2026-09-22;north_east;11,12,17,18;;990;60;180;2080;40;40;980;50;180;
229;EXPO REAL;2026-09-27;2026-10-04;2026-10-05;2026-10-08;2026-10-09;2026-10-13;north_west;1,2,3,7,8,9,13,14,15;;1420;80;270;6710;120;140;1420;80;270;
230;EXPOPHARM;2026-09-30;2026-10-06;2026-10-07;2026-10-11;2026-10-12;2026-10-15;west;11,12,17,18;;710;40;130;2110;40;40;560;30;100;
231;Performance Days;2026-10-07;2026-10-13;2026-10-14;2026-10-16;2026-10-17;2026-10-19;north_east;5,6;;240;10;40;1560;30;30;320;20;60;
232;Wessels & Müller;2026-10-12;2026-10-15;2026-10-16;2026-10-19;2026-10-20;2026-10-22;east;14,15,16;;580;30;110;1510;30;30;410;20;80;
233;Blocker Celonis;2026-10-12;2026-10-26;2026-10-27;2026-10-29;2026-10-30;2026-11-03;north_west;7,8,9,10;;870;50;160;1920;40;40;1000;60;190;
234;Blocker informa;2026-10-12;2026-10-19;2026-10-20;2026-10-23;2026-10-24;2026-10-27;east;1,2,3;;750;40;140;2000;40;40;690;40;130;
235;BIG;2026-10-13;2026-10-14;2026-10-15;2026-10-17;2026-10-18;2026-10-19;east;18;;120;10;20;240;0;0;70;0;10;
236;eMove360°;2026-10-14;2026-10-19;2026-10-20;2026-10-23;2026-10-24;2026-10-26;east;12;195;40;0;10;350;10;10;20;0;0;
237;Blocker Seamless;2026-10-16;2026-10-19;2026-10-20;2026-10-22;2026-10-23;2026-10-26;east;1,2;;220;10;40;810;20;20;520;30;100;
238;BEAUTY FORUM;2026-10-19;2026-10-23;2026-10-24;2026-10-26;2026-10-27;2026-10-29;north_west;13,14,15;187;740;40;140;1890;40;40;540;30;100;
239;The Munich Show - Mineralientage München;2026-10-24;2026-10-28;2026-10-29;2026-11-02;2026-11-03;2026-11-04;west;4,5,6,11,12;;850;50;160;2520;50;50;640;40;120;
240;electronica;2026-11-03;2026-11-09;2026-11-10;2026-11-14;2026-11-15;2026-11-20;north_east;1,2,3,4,5,6,7,8,9,10,11,12,13,14,15,16,17,18;;4730;260;890;7750;140;160;2140;120;400;
241;SEMICON Europa;2026-11-09;2026-11-09;2026-11-10;2026-11-14;2026-11-15;2026-11-15;east;13;;40;0;10;340;10;10;110;10;20;
242;HEIM + HANDWERK/Food&Life;2026-11-20;2026-11-24;2026-11-25;2026-11-30;2026-12-01;2026-12-04;east;4,5,6,9,10,11,12,17;;1510;80;280;5790;110;120;2340;130;440;
243;ISPO Munich;2026-11-24;2026-11-30;2026-12-01;2026-12-04;2026-12-05;2026-12-09;north_east;1,2,3,7,8,9,13,14,15,16;;2030;110;380;4660;90;100;1810;100;340;
244;Alternative Meisterfeier;2026-11-24;2026-11-27;2026-11-28;2026-11-29;2026-11-30;2026-12-01;north_west;18;198;180;10;30;40;0;0;20;0;0;
245;Aviation Forum;2026-12-02;2026-12-07;2026-12-08;2026-12-10;2026-12-11;2026-12-13;east;18;;180;10;30;560;10;10;110;0;20;
246;BAU;2026-12-30;2027-01-10;2027-01-11;2027-01-16;2027-01-17;2027-01-23;east;1,2,3,4,5,6,7,8,9,10,11,12,13,14,15,16,17,18;;2340;130;440;6260;120;130;3780;210;710;
247;Trendset Januar;2027-01-23;2027-01-29;2027-01-30;2027-02-02;2027-02-03;2027-02-05;east;1,2,3,7,8,9;201;1350;80;250;5080;90;100;650;40;120;
248;opti (Alternativtermin);2027-01-25;2027-01-28;2027-01-29;2027-02-01;2027-02-02;2027-02-04;north_east;13,14,15,16,17;;910;50;170;1770;30;40;1360;80;250;
249;FTTH;2027-02-04;2027-02-08;2027-02-09;2027-02-12;2027-02-13;2027-02-14;east;7,13;;300;20;60;1380;20;30;530;30;100;
250;f.re.e;2027-02-10;2027-02-16;2027-02-17;2027-02-22;2027-02-23;2027-02-26;north_west;3,4,5,6,9,10,11,12,16;;2230;120;420;6280;120;130;2080;120;390;
251;IMOT;2027-02-15;2027-02-18;2027-02-19;2027-02-22;2027-02-23;2027-02-25;north_east;17,18;207;450;20;80;1000;20;20;210;10;40;
253;INHORGENTA MUNICH;2027-02-18;2027-02-25;2027-02-26;2027-03-02;2027-03-03;2027-03-07;east;1,2,7,8,13,14;206;1760;100;330;3060;60;60;1560;90;290;
255;CCE;2027-03-02;2027-03-08;2027-03-09;2027-03-12;2027-03-13;2027-03-15;west;12;;60;0;10;280;0;0;190;10;40;
256;ICE;2027-03-04;2027-03-08;2027-03-09;2027-03-12;2027-03-13;2027-03-15;west;4,5,6;;680;40;130;1790;30;40;840;50;160;
257;IHM;2027-03-05;2027-03-09;2027-03-10;2027-03-15;2027-03-16;2027-03-19;north_west;7,8,9,10,13,14,15;208;760;40;140;3200;60;70;1270;70;240;
258;STAHLGRUBER Leistungsschau;2027-03-08;2027-03-12;2027-03-13;2027-03-15;2027-03-16;2027-03-18;west;18;;200;10;40;170;0;0;130;10;20;
259;FESPA;2027-03-29;2027-04-05;2027-04-06;2027-04-10;2027-04-11;2027-04-14;north_west;1,2,3,7,8,9;;1470;80;280;2570;50;50;1560;90;290;
260;Performance Days;2027-03-31;2027-04-06;2027-04-07;2027-04-09;2027-04-10;2027-04-12;west;5,6,5,6;;960;50;180;2530;50;50;960;50;180;
262;LOPEC;2027-04-02;2027-04-05;2027-04-06;2027-04-09;2027-04-10;2027-04-12;north_west;17,18;211;380;20;70;1220;20;20;230;10;40;
263;transport logistic;2027-04-16;2027-04-25;2027-04-26;2027-04-30;2027-05-01;2027-05-06;north_west;1,2,3,4,5,6,7,8,9,10,11,12;;2730;150;510;10390;190;220;3400;190;640;
264;BLOCKER Salesforce World Tour;2027-05-06;2027-05-12;2027-05-13;2027-05-14;2027-05-15;2027-05-20;north_west;18;;140;10;20;280;0;0;140;10;20;
266;OutDoor by ISPO;2027-05-19;2027-05-23;2027-05-24;2027-05-27;2027-05-28;2027-05-31;north_east;3,4,5,6,9,10,11,12;220;1310;70;240;6230;120;130;1150;60;220;
267;The smarter E Europe;2027-05-30;2027-06-08;2027-06-09;2027-06-12;2027-06-13;2027-06-17;north_east;1,2,3,4,5,6,7,8,9,10,11,12,13,14,15,16,17,18;223;3230;180;600;7390;140;150;2060;110;380;
268;automatica;2027-06-14;2027-06-21;2027-06-22;2027-06-26;2027-06-27;2027-07-01;west;4,5,6,10,11,12,17,18;;1720;100;320;5480;100;110;1010;60;190;
269;LASER World of PHOTONICS;2027-06-16;2027-06-21;2027-06-22;2027-06-26;2027-06-27;2027-07-01;east;1,2,3,7,8,9,13,14,15;;2400;130;450;4420;80;90;1190;70;220;
271;Trendset;2027-06-27;2027-07-02;2027-07-03;2027-07-06;2027-07-07;2027-07-09;east;1,2,3,7,8,9;;1710;100;320;2150;40;40;1340;70;250;
272;DigitalBAU;2027-07-01;2027-07-05;2027-07-06;2027-07-09;2027-07-10;2027-07-13;east;16,17,18;;650;40;120;2080;40;40;350;20;70;
273;Trendset Juli;2027-07-04;2027-07-09;2027-07-10;2027-07-13;2027-07-14;2027-07-16;east;1,2,3,7,8,9;225;1210;70;230;3800;70;80;1220;70;230;
276;Blocker Seamless;2027-09-18;2027-09-21;2027-09-22;2027-09-24;2027-09-25;2027-09-28;west;5,6;;280;20;50;710;10;10;400;20;80;
277;EXPO REAL;2027-09-26;2027-10-03;2027-10-04;2027-10-07;2027-10-08;2027-10-12;north_east;1,2,3,7,8,9,13,14,15;229;1510;80;280;6420;120;130;2170;120;410;
278;Inter Airport;2027-09-29;2027-10-04;2027-10-05;2027-10-09;2027-10-10;2027-10-14;north_west;10,11,12,18;;1020;60;190;3430;60;70;1010;60;190;
279;Wessels & Müller;2027-10-03;2027-10-07;2027-10-08;2027-10-11;2027-10-12;2027-10-13;east;16,17;;560;30;100;1560;30;30;230;10;40;
280;Beauty Forum;2027-10-11;2027-10-15;2027-10-16;2027-10-18;2027-10-19;2027-10-21;north_east;5,6,11,12;;730;40;140;1880;30;40;1020;60;190;
281;Performance Days;2027-10-13;2027-10-19;2027-10-20;2027-10-22;2027-10-23;2027-10-25;north_east;18;;180;10;30;370;10;10;60;0;10;
282;iba;2027-10-15;2027-10-23;2027-10-24;2027-10-29;2027-10-30;2027-11-05;north_east;1,2,3,4,7,8,9,10,13,14,15,16,17;;1430;80;270;11180;210;230;1400;80;260;
283;The Munich Show - Mineralientage München;2027-10-23;2027-10-27;2027-10-28;2027-11-01;2027-11-02;2027-11-04;west;5,6,11,12;;920;50;170;3230;60;70;900;50;170;
284;Blocker Celonis;2027-11-04;2027-11-16;2027-11-17;2027-11-19;2027-11-20;2027-11-24;west;15,16,17,18;;1040;60;190;2000;40;40;1000;60;190;
285;STUVA;2027-11-07;2027-11-09;2027-11-10;2027-11-12;2027-11-13;2027-11-14;north_east;7,13;;390;20;70;1300;20;30;510;30;100;
286;productronica;2027-11-08;2027-11-15;2027-11-16;2027-11-20;2027-11-21;2027-11-25;north_east;1,2,3,4,9,10,11;;1710;100;320;4440;80;90;1310;70;250;
287;SEMICON Europa;2027-11-08;2027-11-15;2027-11-16;2027-11-20;2027-11-21;2027-11-25;west;7,8;;430;20;80;980;20;20;560;30;100;
288;eMove360°;2027-11-10;2027-11-15;2027-11-16;2027-11-19;2027-11-20;2027-11-22;north_west;12;236;70;0;10;470;10;10;70;0;10;
289;ISPO Munich;2027-11-24;2027-11-29;2027-11-30;2027-12-03;2027-12-04;2027-12-08;north_west;1,2,3,7,8,9,13,14,15,16;243;1320;70;250;6050;110;130;1590;90;300;
290;HEIM + HANDWERK/Food&Life;2027-11-26;2027-11-30;2027-12-01;2027-12-06;2027-12-07;2027-12-10;north_west;4,5,6,9,10,11,12;;1280;70;240;5650;100;120;1080;60;200;
291;Alternative Meisterfeier;2027-11-30;2027-12-03;2027-12-04;2027-12-05;2027-12-06;2027-12-07;north_west;18;244;70;0;10;270;0;0;180;10;30;
293;Trendset Januar;2028-01-01;2028-01-07;2028-01-08;2028-01-11;2028-01-12;2028-01-14;west;1,2,3,7,8,9;247;1230;70;230;1910;40;40;1060;60;200;
294;OPTI München;2028-01-10;2028-01-13;2028-01-14;2028-01-17;2028-01-18;2028-01-20;north_east;13,14,15,16,17,18;;1320;70;250;2110;40;40;1280;70;240;
295;Blocker Cisco;2028-01-19;2028-01-30;2028-01-31;2028-02-04;2028-02-05;2028-02-08;north_east;3,4,5,6,9,10,11,12,15,16,17,18;;1390;80;260;7420;140;150;2930;160;550;
296;INHORGENTA MUNICH;2028-02-03;2028-02-10;2028-02-11;2028-02-15;2028-02-16;2028-02-20;north_east;1,2,7,8,13,14;253;1750;100;330;3310;60;70;920;50;170;
297;f.re.e;2028-02-09;2028-02-15;2028-02-16;2028-02-21;2028-02-22;2028-02-25;north_west;3,4,5,6,9,10,11,12,15,16;;2160;120;400;4400;80;90;1170;60;220;
298;IMOT;2028-02-14;2028-02-17;2028-02-18;2028-02-21;2028-02-22;2028-02-24;east;17,18;251;350;20;60;920;20;20;540;30;100;
299;f.re.e;2028-02-16;2028-02-22;2028-02-23;2028-02-28;2028-02-29;2028-03-03;north_east;3,4,5,6,9,10,11,12,15,16;;1760;100;330;7550;140;160;1070;60;200;
300;LOPEC;2028-02-18;2028-02-21;2028-02-22;2028-02-25;2028-02-26;2028-02-28;north_west;17,18;262;250;10;50;1460;30;30;380;20;70;
301;IMOT;2028-02-21;2028-02-24;2028-02-25;2028-02-28;2028-02-29;2028-03-02;north_east;17,18;251;360;20;70;820;20;20;200;10;40;
302;IHM;2028-03-03;2028-03-07;2028-03-08;2028-03-13;2028-03-14;2028-03-17;west;7,8,9,10,13,14,15;257;1840;100;340;4240;80;90;1790;100;340;
303;bauma;2028-03-17;2028-04-02;2028-04-03;2028-04-10;2028-04-11;2028-04-20;north_east;1,2,3,4,5,6,7,8,9,10,11,12,13,14,15,16,17,18;;1820;100;340;12720;240;260;5060;280;950;
304;analytica;2028-04-18;2028-04-24;2028-04-25;2028-04-29;2028-04-30;2028-05-04;north_west;1,2,3,7,8,9;;1360;80;260;1900;40;40;1180;60;220;
305;ceramitec;2028-04-18;2028-04-24;2028-04-25;2028-04-29;2028-04-30;2028-05-04;west;4,5,6,10,11,12;;860;50;160;3020;60;60;1510;80;280;
306;Performance Days;2028-04-19;2028-04-25;2028-04-26;2028-04-28;2028-04-29;2028-05-01;west;13,14;;420;20;80;1030;20;20;460;20;90;
307;OutDoor by ISPO;2028-05-03;2028-05-07;2028-05-08;2028-05-11;2028-05-12;2028-05-16;north_west;3,4,5,6,9,10,11,12;266;1230;70;230;5960;110;120;2000;110;370;
308;digitalBAU;2028-05-04;2028-05-08;2028-05-09;2028-05-12;2028-05-13;2028-05-16;east;16,17,18;;560;30;100;1960;40;40;340;20;60;
309;EUROPERIO;2028-05-05;2028-05-09;2028-05-10;2028-05-14;2028-05-15;2028-05-17;north_east;7,13,14;;710;40;130;1840;30;40;610;30;120;
311;The smarter E Europe;2028-06-12;2028-06-20;2028-06-21;2028-06-24;2028-06-25;2028-06-29;west;1,2,3,4,5,6,7,8,9,10,11,12,13,14,15,16,17,18;267;3010;170;560;12340;230;260;2000;110;380;
312;Trendset Juli;2028-07-02;2028-07-07;2028-07-08;2028-07-11;2028-07-12;2028-07-14;east;1,2,3,7,8,9;273;900;50;170;2690;50;60;1220;70;230;
313;ERS International Congress;2028-08-29;2028-09-08;2028-09-09;2028-09-14;2028-09-15;2028-09-19;north_west;1,2,7,8,13;;620;30;120;3560;60;70;630;40;120;
314;EXPOPHARM;2028-09-06;2028-09-12;2028-09-13;2028-09-17;2028-09-18;2028-09-21;north_west;5,6,11,12;;540;30;100;1570;30;30;640;40;120;
315;BLOCKER B2B Messe HINTE;2028-09-12;2028-09-17;2028-09-18;2028-09-21;2028-09-22;2028-09-26;east;15,16,17,18;;680;40;130;3080;60;60;760;40;140;
316;Blocker Seamless;2028-09-22;2028-09-25;2028-09-26;2028-09-28;2028-09-29;2028-10-02;north_east;5,6;276;310;20;60;1130;20;20;560;30;100;
317;EXPO REAL;2028-09-26;2028-10-03;2028-10-04;2028-10-07;2028-10-08;2028-10-12;east;1,2,3,7,8,9,13,14,15;277;1070;60;200;5320;100;110;1070;60;200;
318;Bio Europe;2028-10-03;2028-10-08;2028-10-09;2028-10-12;2028-10-13;2028-10-14;north_east;11,12,17,18;;1070;60;200;1430;30;30;770;40;140;
319;Wessels & Müller;2028-10-09;2028-10-12;2028-10-13;2028-10-16;2028-10-17;2028-10-19;east;5,6;;470;30;90;1640;30;30;570;30;110;
320;Performance Days;2028-10-11;2028-10-17;2028-10-18;2028-10-20;2028-10-21;2028-10-23;east;5,6,17,18;;1150;60;220;3040;60;60;580;30;110;
321;eMove360°;2028-10-12;2028-10-17;2028-10-18;2028-10-21;2028-10-22;2028-10-24;north_west;16;;160;10;30;410;10;10;40;0;10;
322;ESMO 2028;2028-10-15;2028-10-19;2028-10-20;2028-10-25;2028-10-26;2028-10-30;north_east;1,2,3,4,7,8,9,10,13,14,15;;2400;130;450;3490;60;70;1740;100;330;
323;The Munich Show - Mineralientage München;2028-10-21;2028-10-25;2028-10-26;2028-10-30;2028-10-31;2028-11-02;north_east;5,6,11,12;283;1090;60;200;2840;50;60;720;40;130;
324;BEAUTY FORUM;2028-10-23;2028-10-27;2028-10-28;2028-10-30;2028-10-31;2028-11-02;east;16,17,18;;800;40;150;1690;30;40;460;20;80;
325;BIG;2028-10-29;2028-11-01;2028-11-02;2028-11-04;2028-11-05;2028-11-06;west;18;;180;10;30;20;0;0;30;0;10;
326;electronica;2028-11-07;2028-11-13;2028-11-14;2028-11-18;2028-11-19;2028-11-24;east;1,2,3,4,5,6,7,8,9,10,11,12,13,14,15,16,17,18;;2890;160;540;13460;250;280;4630;260;870;
327;SEMICON Europa;2028-11-13;2028-11-13;2028-11-14;2028-11-18;2028-11-19;2028-11-19;east;13;;30;0;0;280;0;0;120;10;20;
328;ISPO Munich;2028-11-21;2028-11-27;2028-11-28;2028-12-01;2028-12-02;2028-12-06;north_east;1,2,3,7,8,9,13,14,15;;2290;130;430;5670;100;120;2680;150;500;
329;HEIM + HANDWERK/Food&Life;2028-11-24;2028-11-28;2028-11-29;2028-12-04;2028-12-05;2028-12-08;north_east;4,5,6,9,10,11,12;290;1940;110;360;4730;90;100;1720;100;320;
330;Alternative Meisterfeier;2028-11-28;2028-12-01;2028-12-02;2028-12-03;2028-12-04;2028-12-05;west;18;291;160;10;30;50;0;0;160;10;30;
331;Aviation Forum;2028-11-29;2028-12-03;2028-12-04;2028-12-06;2028-12-07;2028-12-09;north_east;18;;50;0;10;270;0;0;30;0;0;
335;BAU;2029-01-03;2029-01-14;2029-01-15;2029-01-20;2029-01-21;2029-01-27;north_east;1,2,3,4,5,6,7,8,9,10,11,12,13,14,15,16,17,18;;2140;120;400;12740;240;260;3960;220;740;
336;opti;2029-01-22;2029-01-25;2029-01-26;2029-01-29;2029-01-30;2029-02-01;north_west;13,14,15,16,17,18;;1540;80;290;3150;60;60;1640;90;310;
337;Trendset Januar;2029-01-28;2029-02-02;2029-02-03;2029-02-06;2029-02-07;2029-02-09;north_east;1,2,3,7,8,9;293;730;40;140;4430;80;90;710;40;130;
338;opti;2029-01-29;2029-02-01;2029-02-02;2029-02-05;2029-02-06;2029-02-08;west;13,14,15,16,17,18;;1310;70;250;4980;90;100;1070;60;200;
339;f.re.e;2029-02-14;2029-02-20;2029-02-21;2029-02-26;2029-02-27;2029-03-02;north_east;3,4,5,6,9,10,11,12,16;;1240;70;230;8030;150;170;1260;70;240;
340;INHORGENTA MUNICH;2029-02-15;2029-02-22;2029-02-23;2029-02-27;2029-02-28;2029-03-04;west;1,2,7,8,13,14;296;1330;70;250;3940;70;80;1700;90;320;
341;IMOT;2029-02-19;2029-02-22;2029-02-23;2029-02-26;2029-02-27;2029-03-01;north_east;17,18;301;250;10;50;1310;20;30;520;30;100;
342;ICE;2029-03-01;2029-03-05;2029-03-06;2029-03-09;2029-03-10;2029-03-12;west;4,5,6;;410;20;80;1120;20;20;420;20;80;
343;CCE;2029-03-01;2029-03-05;2029-03-06;2029-03-09;2029-03-10;2029-03-12;north_west;12;;150;10;30;340;10;10;10;0;0;
344;IHM;2029-03-02;2029-03-06;2029-03-07;2029-03-12;2029-03-13;2029-03-16;north_east;7,8,9,10,13,14,15;302;1110;60;210;5500;100;110;2060;110;390;
345;LOPEC;2029-03-09;2029-03-12;2029-03-13;2029-03-16;2029-03-17;2029-03-19;north_west;17,18;300;460;20;80;1280;20;30;320;20;60;
346;Blocker Cisco;2029-03-14;2029-03-25;2029-03-26;2029-03-30;2029-03-31;2029-04-03;north_east;1,2,3,4,5,6,7,8,9,10,11,12,13,14,15;;1900;100;360;4600;80;100;2000;110;380;
347;Performance Days;2029-04-04;2029-04-10;2029-04-11;2029-04-13;2029-04-14;2029-04-16;north_east;13,14;306;260;10;50;980;20;20;590;30;110;
348;transport logistic;2029-04-14;2029-04-23;2029-04-24;2029-04-28;2029-04-29;2029-05-03;north_west;1,2,3,4,5,6,7,8,9,10,11,12;;1940;110;360;4600;80;100;3440;190;640;
349;STAHLGRUBER Leistungsschau;2029-04-30;2029-05-04;2029-05-05;2029-05-07;2029-05-08;2029-05-10;north_west;16;;0;0;0;560;10;10;190;10;30;
351;OutDoor by ISPO;2029-05-09;2029-05-13;2029-05-14;2029-05-17;2029-05-18;2029-05-22;north_west;3,4,5,6,9,10,11,12;307;2290;130;430;4720;90;100;1690;90;320;
352;DigitalBAU;2029-05-10;2029-05-14;2029-05-15;2029-05-18;2029-05-19;2029-05-22;north_west;16,17,18;;370;20;70;1610;30;30;340;20;60;
353;The smarter E Europe;2029-05-27;2029-06-05;2029-06-06;2029-06-09;2029-06-10;2029-06-14;west;1,2,3,4,5,6,7,8,9,10,11,12,13,14,15,16,17,18;311;3480;190;650;15220;280;320;3790;210;710;
354;automatica;2029-06-11;2029-06-18;2029-06-19;2029-06-23;2029-06-24;2029-06-28;west;4,5,6,10,11,12,16,17,18;;1030;60;190;3260;60;70;1160;60;220;
355;LASER World of PHOTONICS;2029-06-13;2029-06-18;2029-06-19;2029-06-23;2029-06-24;2029-06-28;north_east;1,2,3,4,7,8,9,10,13,14,15;;1380;80;260;9100;170;190;3150;180;590;
356;EAN - European Academy of Neurology;2029-06-25;2029-06-29;2029-06-30;2029-07-04;2029-07-05;2029-07-07;north_east;13;;80;0;20;280;0;0;50;0;10;
357;Trendset Juli;2029-07-01;2029-07-06;2029-07-07;2029-07-10;2029-07-11;2029-07-13;north_west;1,2,3,7,8,9;312;1210;70;230;3520;60;70;1570;90;290;
358;IAA 2029;2029-08-29;2029-09-10;2029-09-11;2029-09-15;2029-09-16;2029-09-21;west;1,2,3,7,8,9;;1410;80;260;3770;70;80;1400;80;260;
359;drinktec;2029-09-05;2029-09-16;2029-09-17;2029-09-22;2029-09-23;2029-09-30;east;1,2,3,4,5,6,7,8,9,10,11,12,13,14,15,16,17,18;;2930;160;550;6730;120;140;2010;110;380;
360;EXPO REAL;2029-09-30;2029-10-07;2029-10-08;2029-10-11;2029-10-12;2029-10-16;north_east;1,2,3,7,8,9,13,14,15;317;1570;90;290;4370;80;90;2090;120;390;
361;Inter Airport;2029-10-03;2029-10-08;2029-10-09;2029-10-13;2029-10-14;2029-10-18;north_east;10,11,12,17,18;;1390;80;260;4280;80;90;880;50;160;
362;Wessels & Müller;2029-10-15;2029-10-18;2029-10-19;2029-10-22;2029-10-23;2029-10-24;east;14,15,16;;780;40;150;920;20;20;480;30;90;
363;BLOCKER UEG Week 2029;2029-10-15;2029-10-19;2029-10-20;2029-10-24;2029-10-25;2029-10-27;north_east;7,8,13;;400;20;80;1400;20;30;450;20;80;
364;Performance Days;2029-10-17;2029-10-23;2029-10-24;2029-10-26;2029-10-27;2029-10-29;north_east;1,2;;380;20;70;690;10;10;220;10;40;
365;EADV;2029-10-17;2029-10-23;2029-10-24;2029-10-28;2029-10-29;2029-10-31;north_east;7,8,13,14;;630;30;120;3380;60;70;490;30;90;
366;The Munich Show - Mineralientage München;2029-10-20;2029-10-24;2029-10-25;2029-10-29;2029-10-30;2029-11-01;north_east;4,5,6,11,12;;1400;80;260;1750;30;40;950;50;180;
367;BEAUTY FORUM;2029-10-22;2029-10-26;2029-10-27;2029-10-29;2029-10-30;2029-11-01;north_east;13,14,15;;550;30;100;2530;50;50;550;30;100;
368;Bio Europe;2029-10-30;2029-11-04;2029-11-05;2029-11-08;2029-11-09;2029-11-10;north_west;12,17,18;;440;20;80;910;20;20;480;30;90;
369;Celonis Block;2029-10-31;2029-11-12;2029-11-13;2029-11-15;2029-11-16;2029-11-20;east;13,14,15,16;;1140;60;210;2720;50;60;810;40;150;
370;productronica;2029-11-05;2029-11-12;2029-11-13;2029-11-17;2029-11-18;2029-11-22;west;1,2,3,4,9,10,11;;1270;70;240;2300;40;50;1620;90;300;
371;SEMICON Europa;2029-11-05;2029-11-12;2029-11-13;2029-11-17;2029-11-18;2029-11-22;east;7,8;;370;20;70;1700;30;40;340;20;60;
372;eMove360°;2029-11-07;2029-11-12;2029-11-13;2029-11-16;2029-11-17;2029-11-19;west;6;;120;10;20;560;10;10;150;10;30;
373;ISPO Munich;2029-11-20;2029-11-26;2029-11-27;2029-11-30;2029-12-01;2029-12-05;west;1,2,3,7,8,9,13,14,15,16;;1670;90;310;5570;100;120;1960;110;370;
374;HEIM + HANDWERK/Food&Life;2029-11-23;2029-11-27;2029-11-28;2029-12-03;2029-12-04;2029-12-07;east;4,5,6,9,10,11,12;329;1060;60;200;3880;70;80;1620;90;300;
375;Vorgezogener Aufbau Trendset 2030;2029-12-10;2029-12-10;2029-12-11;2030-01-01;2030-01-02;2030-01-02;north_west;1,2,3,4,5,6,7,8,9,10,11,12;;3160;180;590;10720;200;220;2840;160;530;
376;Trendset;2029-12-28;2030-01-04;2030-01-05;2030-01-08;2030-01-09;2030-01-11;north_east;1,2,3,7,8,9;;1680;90;320;4640;90;100;710;40;130;
378;OPTI München;2030-01-07;2030-01-10;2030-01-11;2030-01-14;2030-01-15;2030-01-17;north_west;13,14,15,16,17,18;;800;40;150;3640;70;80;1000;60;190;
380;Blocker Cisco;2030-01-16;2030-01-27;2030-01-28;2030-02-01;2030-02-02;2030-02-05;north_east;3,4,5,6,9,10,11,12,15,16,17,18;;1520;80;280;8720;160;180;1220;70;230;
381;INHORGENTA MUNICH;2030-01-31;2030-02-07;2030-02-08;2030-02-12;2030-02-13;2030-02-17;east;1,2,7,8,13,14;340;1000;60;190;3380;60;70;1250;70;230;
382;f.re.e;2030-02-13;2030-02-19;2030-02-20;2030-02-25;2030-02-26;2030-03-01;east;3,4,5,6,9,10,11,12,16;339;1780;100;330;7020;130;150;1210;70;230;
383;IMOT;2030-02-18;2030-02-21;2030-02-22;2030-02-25;2030-02-26;2030-02-28;west;17,18;341;240;10;40;890;20;20;290;20;60;
384;EAU;2030-03-02;2030-03-07;2030-03-08;2030-03-12;2030-03-13;2030-03-15;east;1,2,7,8;;1000;60;190;2110;40;40;1110;60;210;
385;IHM;2030-03-08;2030-03-12;2030-03-13;2030-03-18;2030-03-19;2030-03-22;west;7,8,9,10,13,14,15;344;1110;60;210;4900;90;100;1740;100;330;
386;LOPEC;2030-03-15;2030-03-18;2030-03-19;2030-03-22;2030-03-23;2030-03-25;west;17,18;345;330;20;60;800;10;20;420;20;80;
387;IHM;2030-03-15;2030-03-19;2030-03-20;2030-03-25;2030-03-26;2030-03-29;north_west;7,8,9,10,13,14,15;344;1710;100;320;5900;110;120;910;50;170;
388;Performance Days;2030-03-20;2030-03-26;2030-03-27;2030-03-29;2030-03-30;2030-04-01;west;1,2;364;490;30;90;1000;20;20;510;30;100;
389;BLOCKER: ISHLT;2030-03-29;2030-04-01;2030-04-02;2030-04-07;2030-04-08;2030-04-10;west;13;;60;0;10;280;0;0;80;0;10;
390;ceramitec;2030-03-30;2030-04-07;2030-04-08;2030-04-12;2030-04-13;2030-04-17;north_east;5,6,11,12;;820;40;150;2590;50;50;1020;60;190;
391;analytica;2030-04-02;2030-04-08;2030-04-09;2030-04-13;2030-04-14;2030-04-18;east;1,2,3,7,8,9;;670;40;120;4210;80;90;1600;90;300;
393;OutDoor by ISPO;2030-05-15;2030-05-19;2030-05-20;2030-05-23;2030-05-24;2030-05-28;east;4,5,6,10,11,12,16,17,18;;1930;110;360;4350;80;90;2060;110;390;
394;BLOCKER Carwash-Expo;2030-05-26;2030-06-03;2030-06-04;2030-06-07;2030-06-08;2030-06-11;north_west;5,6,11,12;;890;50;170;3230;60;70;760;40;140;
395;BLOCKER EASL;2030-05-31;2030-06-04;2030-06-05;2030-06-09;2030-06-10;2030-06-12;west;7,8;;480;30;90;1460;30;30;320;20;60;
396;The smarter E Europe;2030-06-16;2030-06-25;2030-06-26;2030-06-29;2030-06-30;2030-07-04;east;1,2,3,4,5,6,7,8,9,10,11,12,13,14,15,16,17,18;353;5310;290;990;5660;100;120;4340;240;810;
397;INTERFORST;2030-07-06;2030-07-13;2030-07-14;2030-07-18;2030-07-19;2030-07-24;west;12,18;;330;20;60;1710;30;40;320;20;60;
398;Trendset Juli;2030-07-07;2030-07-12;2030-07-13;2030-07-16;2030-07-17;2030-07-19;west;1,2,3,7,8,9;357;680;40;130;5200;100;110;1760;100;330;
399;iba;2030-09-06;2030-09-14;2030-09-15;2030-09-20;2030-09-21;2030-09-27;west;1,2,3,4,5,6,7,8,9,10,11,12,13,14;;2540;140;480;10050;190;210;3310;180;620;
400;BLOCKER B2B Messe HINTE;2030-09-17;2030-09-22;2030-09-23;2030-09-26;2030-09-27;2030-10-01;north_east;15,16,17,18;;490;30;90;3490;60;70;1000;60;190;
401;EXPO REAL;2030-09-29;2030-10-06;2030-10-07;2030-10-10;2030-10-11;2030-10-15;north_east;1,2,3,7,8,9,13,14,15;360;1790;100;340;5980;110;120;2340;130;440;
402;EXPOPHARM;2030-10-02;2030-10-08;2030-10-09;2030-10-13;2030-10-14;2030-10-17;west;11,12,17,18;;660;40;120;1580;30;30;530;30;100;
403;eMove360°;2030-10-09;2030-10-14;2030-10-15;2030-10-18;2030-10-19;2030-10-21;north_west;6;372;140;10;30;550;10;10;60;0;10;
404;BEAUTY FORUM;2030-10-14;2030-10-18;2030-10-19;2030-10-21;2030-10-22;2030-10-24;north_west;13,14,15;367;590;30;110;2620;50;50;680;40;130;
405;Wessels & Müller;2030-10-14;2030-10-17;2030-10-18;2030-10-21;2030-10-22;2030-10-24;north_east;7,8,9;;610;30;110;1990;40;40;320;20;60;
406;BIG;2030-10-14;2030-10-16;2030-10-17;2030-10-19;2030-10-20;2030-10-21;north_west;18;;90;0;20;80;0;0;50;0;10;
407;Blocker UEG Week 2030;2030-10-14;2030-10-18;2030-10-19;2030-10-23;2030-10-24;2030-10-26;north_east;7,8,9;;430;20;80;2180;40;40;470;30;90;
408;Performance Days;2030-10-16;2030-10-22;2030-10-23;2030-10-25;2030-10-26;2030-10-28;north_east;1,2;364;370;20;70;600;10;10;310;20;60;
409;The Munich Show - Mineralientage München;2030-10-19;2030-10-23;2030-10-24;2030-10-28;2030-10-29;2030-10-31;north_east;4,5,6,11,12;366;1350;80;250;3490;60;70;730;40;140;
410;ELECTRONICA;2030-11-05;2030-11-11;2030-11-12;2030-11-16;2030-11-17;2030-11-22;north_west;1,2,3,4,5,6,7,8,9,10,11,12,13,14,15,16,17,18;;2660;150;500;7790;140;160;3960;220;740;
411;SEMICON Europa;2030-11-11;2030-11-11;2030-11-12;2030-11-16;2030-11-17;2030-11-17;north_west;13;;170;10;30;320;0;10;60;0;10;
412;HEIM + HANDWERK;2030-11-22;2030-11-26;2030-11-27;2030-12-02;2030-12-03;2030-12-06;west;4,5,6,9,10,11,12;;1270;70;240;4160;80;90;2000;110;380;
413;ISPO Munich;2030-11-26;2030-12-02;2030-12-03;2030-12-06;2030-12-07;2030-12-11;north_west;1,2,3,7,8,9,13,14,15,16;373;2160;120;400;5980;110;120;1510;80;280;
414;Aviation Forum;2030-11-27;2030-12-01;2030-12-02;2030-12-04;2030-12-05;2030-12-07;north_west;18;;130;10;20;80;0;0;100;0;20;
415;Meisterfeier;2030-11-28;2030-11-29;2030-11-30;2030-12-01;2030-12-02;2030-12-02;north_east;18;;120;10;20;370;10;10;70;0;10;
416;BAU;2031-01-01;2031-01-12;2031-01-13;2031-01-18;2031-01-19;2031-01-25;north_east;1,2,3,4,5,6,7,8,9,10,11,12,13,14,15,16,17,18;;4510;250;840;13650;250;280;3250;180;610;
417;Trendset Januar;2031-01-23;2031-01-30;2031-01-31;2031-02-03;2031-02-04;2031-02-06;east;1,2,3,7,8,9;;970;50;180;3950;70;80;690;40;130;
418;OPTI München;2031-01-27;2031-01-30;2031-01-31;2031-02-03;2031-02-04;2031-02-06;east;13,14,15,16,17,18;378;1250;70;230;1840;30;40;1150;60;220;
419;f.re.e;2031-02-12;2031-02-18;2031-02-19;2031-02-24;2031-02-25;2031-02-28;east;3,4,5,6,9,10,11,12,16;382;1780;100;330;6700;120;140;2470;140;460;
420;IMOT;2031-02-17;2031-02-20;2031-02-21;2031-02-24;2031-02-25;2031-02-27;north_west;17,18;383;240;10;40;1550;30;30;510;30;90;
421;f.re.e;2031-02-19;2031-02-25;2031-02-26;2031-03-03;2031-03-04;2031-03-07;north_west;3,4,5,6,9,10,11,12,16;382;2500;140;470;7300;140;150;2610;140;490;
422;INHORGENTA MUNICH;2031-02-20;2031-02-27;2031-02-28;2031-03-04;2031-03-05;2031-03-09;east;1,2,7,8,13,14;381;900;50;170;2880;50;60;1670;90;310;
423;IMOT;2031-02-24;2031-02-27;2031-02-28;2031-03-03;2031-03-04;2031-03-06;north_east;17,18;383;400;20;80;970;20;20;420;20;80;
424;IHM;2031-03-07;2031-03-11;2031-03-12;2031-03-17;2031-03-18;2031-03-21;north_east;7,8,9,10,13,14,15,16;;1300;70;240;4360;80;90;1630;90;300;
425;LOPEC;2031-03-07;2031-03-10;2031-03-11;2031-03-14;2031-03-15;2031-03-17;west;17,18;386;390;20;70;850;20;20;550;30;100;
426;CCE;2031-03-11;2031-03-17;2031-03-18;2031-03-21;2031-03-22;2031-03-24;north_east;12;;80;0;20;260;0;0;100;0;20;
427;Performance Days;2031-03-12;2031-03-18;2031-03-19;2031-03-21;2031-03-22;2031-03-24;north_east;1,2;408;570;30;110;800;10;20;570;30;110;
428;ICE;2031-03-13;2031-03-17;2031-03-18;2031-03-21;2031-03-22;2031-03-24;north_west;4,5,6;;680;40;130;2600;50;50;850;50;160;
429;BAUMA;2031-04-04;2031-04-20;2031-04-21;2031-04-28;2031-04-29;2031-05-08;east;1,2,3,4,5,6,7,8,9,10,11,12,13,14,15,16,17,18;;5370;300;1010;10860;200;230;2780;150;520;
430;OutDoor by ISPO;2031-05-07;2031-05-11;2031-05-12;2031-05-15;2031-05-16;2031-05-19;east;4,5,6,10,11,12,15,16,17,18;;1860;100;350;6310;120;130;1340;70;250;
431;digitalBAU;2031-05-08;2031-05-12;2031-05-13;2031-05-16;2031-05-17;2031-05-20;east;1,2,7,8;;470;30;90;1280;20;30;430;20;80;
432;The smarter E Europe;2031-05-19;2031-05-27;2031-05-28;2031-05-31;2031-06-01;2031-06-05;west;1,2,3,4,5,6,7,8,9,10,11,12,13,14,15,16,17,18;396;3710;210;700;5710;100;120;4160;230;780;
433;transport logistic;2031-06-06;2031-06-16;2031-06-17;2031-06-21;2031-06-22;2031-06-26;east;1,2,3,4,5,6,7,8,9,10,11,12;;1270;70;240;9280;170;190;3420;190;640;
434;automatica;2031-06-19;2031-06-30;2031-07-01;2031-07-05;2031-07-06;2031-07-10;north_west;4,5,6,10,11,12,16,17,18;;1920;110;360;8000;150;170;2090;120;390;
435;LASER World of PHOTONICS;2031-06-26;2031-06-30;2031-07-01;2031-07-05;2031-07-06;2031-07-09;north_west;1,2,3,7,8,9,13,14;;1310;70;240;2440;40;50;2140;120;400;
436;TrendSet;2031-07-12;2031-07-18;2031-07-19;2031-07-22;2031-07-23;2031-07-25;east;1,2,3,7,8,9;;680;40;130;2570;50;50;1450;80;270;
437;IAA;2031-08-25;2031-09-08;2031-09-09;2031-09-15;2031-09-16;2031-09-21;west;1,2,3,7,8,9,13,14,15;;2200;120;410;3790;70;80;1570;90;300;
438;BLOCKER B2B Messe HINTE;2031-09-16;2031-09-21;2031-09-22;2031-09-25;2031-09-26;2031-09-30;north_east;15,16,17,18;400;710;40;130;1300;20;30;850;50;160;
439;EXPO REAL;2031-09-28;2031-10-05;2031-10-06;2031-10-09;2031-10-10;2031-10-14;east;1,2,3,7,8,9,13,14,15;401;1130;60;210;7130;130;150;1050;60;200;
440;Inter Airport;2031-10-01;2031-10-06;2031-10-07;2031-10-11;2031-10-12;2031-10-16;east;11,12,17,18;;1110;60;210;1680;30;40;750;40;140;
441;Performance Days;2031-10-08;2031-10-14;2031-10-15;2031-10-17;2031-10-18;2031-10-20;north_west;5,6;;590;30;110;1540;30;30;240;10;40;
442;BEAUTY FORUM;2031-10-13;2031-10-17;2031-10-18;2031-10-20;2031-10-21;2031-10-23;west;17,18;;590;30;110;680;10;10;370;20;70;
443;Wessels & Müller;2031-10-13;2031-10-16;2031-10-17;2031-10-20;2031-10-21;2031-10-23;north_east;7,8,9;405;810;40;150;2110;40;40;820;40;150;
444;ESMO 2031;2031-10-16;2031-10-23;2031-10-24;2031-10-29;2031-10-30;2031-11-03;east;1,2,3,4,7,8,9,10,13,14,15;;2020;110;380;8430;160;180;2670;150;500;
445;The Munich Show - Mineralientage München;2031-10-25;2031-10-29;2031-10-30;2031-11-03;2031-11-04;2031-11-06;north_west;5,6,11,12;;1170;60;220;2010;40;40;440;20;80;
446;Celonis Block;2031-10-29;2031-11-10;2031-11-11;2031-11-13;2031-11-14;2031-11-18;north_west;15,16,17,18;;930;50;170;3050;60;60;450;20;80;
447;productronica;2031-11-03;2031-11-10;2031-11-11;2031-11-15;2031-11-16;2031-11-20;north_east;1,2,3,4,8,9,10;;740;40;140;5900;110;120;1150;60;220;
448;SEMICON Europa;2031-11-03;2031-11-10;2031-11-11;2031-11-15;2031-11-16;2031-11-20;west;7,13;;260;10;50;970;20;20;300;20;60;
449;eMove360°;2031-11-05;2031-11-10;2031-11-11;2031-11-14;2031-11-15;2031-11-17;north_west;12;;100;0;20;200;0;0;180;10;30;
450;HEIM + HANDWERK;2031-11-21;2031-11-25;2031-11-26;2031-12-01;2031-12-02;2031-12-05;east;4,5,6,9,10,11,12;412;1360;80;260;2560;50;50;1390;80;260;
451;ISPO Munich;2031-11-25;2031-12-01;2031-12-02;2031-12-05;2031-12-06;2031-12-10;east;1,2,3,7,8,9,13,14,15,16;413;1800;100;340;4380;80;90;1660;90;310;
452;Trendset;2032-01-02;2032-01-09;2032-01-10;2032-01-13;2032-01-14;2032-01-16;north_east;1,2,3,7,8,9;;670;40;130;2340;40;50;640;40;120;
453;OPTI München;2032-01-05;2032-01-08;2032-01-09;2032-01-12;2032-01-13;2032-01-15;north_east;13,14,15,16,17,18;418;1260;70;240;2990;60;60;1180;60;220;
455;INHORGENTA MUNICH;2032-01-22;2032-01-29;2032-01-30;2032-02-03;2032-02-04;2032-02-08;north_east;1,2,7,8,13,14;422;1650;90;310;3310;60;70;1120;60;210;
456;f.re.e 2. Option;2032-02-04;2032-02-10;2032-02-11;2032-02-16;2032-02-17;2032-02-20;west;3,4,5,6,9,10,11,12,15,16;;1970;110;370;5230;100;110;2010;110;380;
457;IMOT 2. Option;2032-02-09;2032-02-12;2032-02-13;2032-02-16;2032-02-17;2032-02-19;north_west;17,18;;420;20;80;1030;20;20;230;10;40;
458;f.re.e;2032-02-11;2032-02-17;2032-02-18;2032-02-23;2032-02-24;2032-02-27;west;3,4,5,6,9,10,11,12,15,16;;1950;110;360;7500;140;160;1240;70;230;
459;IMOT;2032-02-16;2032-02-19;2032-02-20;2032-02-23;2032-02-24;2032-02-26;north_east;17,18;423;220;10;40;1370;20;30;490;30;90;
460;IHM;2032-02-20;2032-02-24;2032-02-25;2032-03-01;2032-03-02;2032-03-05;north_west;7,8,9,10,13,14,15;;1650;90;310;4910;90;100;1330;70;250;
461;IHM;2032-02-27;2032-03-02;2032-03-03;2032-03-08;2032-03-09;2032-03-12;west;7,8,9,10,13,14,15;;1360;80;250;4540;80;90;1320;70;250;
462;Performance Days;2032-03-03;2032-03-09;2032-03-10;2032-03-12;2032-03-13;2032-03-15;north_east;1,2;427;310;20;60;1280;20;30;300;20;60;
463;LOPEC;2032-03-05;2032-03-08;2032-03-09;2032-03-12;2032-03-13;2032-03-15;north_east;17,18;425;480;30;90;1250;20;30;330;20;60;
465;ceramitec;2032-04-11;2032-04-19;2032-04-20;2032-04-24;2032-04-25;2032-04-29;north_east;4,5,6,10,11,12;;1110;60;210;3000;60;60;820;40;150;
466;analytica;2032-04-13;2032-04-19;2032-04-20;2032-04-24;2032-04-25;2032-04-29;north_west;1,2,3,7,8,9;;1250;70;230;4140;80;90;1030;60;190;
468;BLOCKER Carwash-Expo;2032-05-23;2032-05-31;2032-06-01;2032-06-04;2032-06-05;2032-06-08;north_west;1,2,7,8;;720;40;130;2110;40;40;580;30;110;
469;OutDoor by ISPO;2032-05-26;2032-05-30;2032-05-31;2032-06-03;2032-06-04;2032-06-08;north_west;3,4,5,6,9,10,11,12;;2180;120;410;3860;70;80;1180;60;220;
470;The smarter E Europe;2032-06-11;2032-06-22;2032-06-23;2032-06-26;2032-06-27;2032-07-01;east;1,2,3,4,5,6,7,8,9,10,11,12,13,14,15,16,17,18;432;5160;290;970;12370;230;260;3100;170;580;
471;Trendset Juli;2032-07-04;2032-07-09;2032-07-10;2032-07-13;2032-07-14;2032-07-16;north_east;1,2,3,7,8,9;;1630;90;300;3140;60;60;1280;70;240;
472;BLOCKER B2B Messe HINTE;2032-09-07;2032-09-12;2032-09-13;2032-09-16;2032-09-17;2032-09-21;west;13,14,15,16;;520;30;100;2900;50;60;1050;60;200;
473;EXPOPHARM;2032-09-08;2032-09-14;2032-09-15;2032-09-19;2032-09-20;2032-09-23;north_east;11,12,17,18;;1130;60;210;1560;30;30;810;40;150;
474;EXPO REAL;2032-09-26;2032-10-03;2032-10-04;2032-10-07;2032-10-08;2032-10-12;west;1,2,3,7,8,9,13,14,15;439;980;50;180;7430;140;150;1660;90;310;
475;Performance Days;2032-09-29;2032-10-05;2032-10-06;2032-10-08;2032-10-09;2032-10-11;east;11,12;;430;20;80;1210;20;20;430;20;80;
476;eMove360°;2032-10-06;2032-10-11;2032-10-12;2032-10-15;2032-10-16;2032-10-18;north_west;6;;140;10;20;40;0;0;10;0;0;
477;Wessels & Müller;2032-10-11;2032-10-14;2032-10-15;2032-10-18;2032-10-19;2032-10-21;east;11,12,17;;890;50;170;2370;40;50;590;30;110;
478;BIG;2032-10-11;2032-10-13;2032-10-14;2032-10-16;2032-10-17;2032-10-18;north_west;18;;80;0;20;170;0;0;40;0;10;
480;The Munich Show - Mineralientage München;2032-10-23;2032-10-27;2032-10-28;2032-11-01;2032-11-02;2032-11-04;east;5,6,11,12;445;570;30;110;2960;50;60;1180;60;220;
481;BEAUTY FORUM;2032-10-25;2032-10-29;2032-10-30;2032-11-01;2032-11-02;2032-11-04;east;16,17,18;;570;30;110;1480;30;30;410;20;80;
482;electronica;2032-11-09;2032-11-15;2032-11-16;2032-11-20;2032-11-21;2032-11-26;west;1,2,3,4,5,6,7,8,9,10,11,12,13,14,15,16,17,18;;2050;110;380;7300;140;150;4650;260;870;
483;SEMICON Europa;2032-11-15;2032-11-15;2032-11-16;2032-11-20;2032-11-21;2032-11-21;east;13;;190;10;40;520;10;10;160;10;30;
484;HEIM + HANDWERK;2032-11-26;2032-11-30;2032-12-01;2032-12-06;2032-12-07;2032-12-10;west;4,5,6,9,10,11,12;450;1430;80;270;4180;80;90;1460;80;270;
485;ISPO Munich;2032-11-30;2032-12-06;2032-12-07;2032-12-10;2032-12-11;2032-12-15;west;1,2,3,7,8,9,13,14,15,16;451;2230;120;420;6830;130;140;2920;160;550;
486;Aviation Forum;2032-12-01;2032-12-05;2032-12-06;2032-12-08;2032-12-09;2032-12-11;north_west;18;;20;0;0;40;0;0;30;0;0;
487;BAU;2033-01-05;2033-01-16;2033-01-17;2033-01-22;2033-01-23;2033-01-29;north_east;1,2,3,4,5,6,7,8,9,10,11,12,13,14,15,16,17,18;;3650;200;680;6040;110;120;4490;250;840;
488;F.RE.E;2033-02-09;2033-02-15;2033-02-16;2033-02-21;2033-02-22;2033-02-25;west;3,4,5,6,9,10,11,12,15,16;;1760;100;330;4730;90;100;1360;80;260;
489;INHORGENTA MUNICH;2033-02-10;2033-02-17;2033-02-18;2033-02-22;2033-02-23;2033-02-27;north_west;1,2,7,8,13,14;455;990;60;180;2600;50;50;970;50;180;
490;transport logistic;2033-04-15;2033-04-24;2033-04-25;2033-04-29;2033-04-30;2033-05-05;west;1,2,3,4,5,6,7,8,9,10,11,12;;3500;190;660;4820;90;100;2780;150;520;
491;OutDoor by ISPO;2033-05-04;2033-05-08;2033-05-09;2033-05-12;2033-05-13;2033-05-17;north_east;3,4,5,6,9,10,11,12;469;1180;60;220;5560;100;120;2220;120;420;
492;The smarter E Europe;2033-05-20;2033-05-28;2033-05-29;2033-06-01;2033-06-02;2033-06-07;north_west;1,2,3,4,5,6,7,8,9,10,11,12,13,14,15,16,17,18;470;3710;210;700;7500;140;160;3860;210;720;
493;automatica;2033-06-13;2033-06-20;2033-06-21;2033-06-25;2033-06-26;2033-06-30;north_east;4,5,6,10,11,12,16,17,18;;1810;100;340;7010;130;150;1380;80;260;
494;LASER World of PHOTONICS;2033-06-15;2033-06-20;2033-06-21;2033-06-25;2033-06-26;2033-06-30;west;1,2,3,7,8,9,13,14,15;;900;50;170;5470;100;110;1050;60;200;
495;IAA 2025;2033-08-31;2033-09-12;2033-09-13;2033-09-17;2033-09-18;2033-09-23;north_east;1,2,3,7,8,9;;1390;80;260;3400;60;70;1630;90;300;
496;EXPO REAL;2033-09-28;2033-10-09;2033-10-10;2033-10-13;2033-10-14;2033-10-18;west;1,2,3,7,8,9,13,14;;1580;90;300;5180;100;110;1500;80;280;
497;productronica;2033-11-07;2033-11-14;2033-11-15;2033-11-19;2033-11-20;2033-11-24;east;1,2,3,4,8,9,10;;920;50;170;4700;90;100;1410;80;260;
498;SEMICON Europa;2033-11-07;2033-11-14;2033-11-15;2033-11-19;2033-11-20;2033-11-24;north_east;7;;90;0;20;420;10;10;170;10;30;
499;ISPO Munich;2033-11-29;2033-12-05;2033-12-06;2033-12-09;2033-12-10;2033-12-14;east;1,2,3,7,8,9,13,14,15,16;485;2250;120;420;8680;160;180;2010;110;380;
500;f.re.e;2034-02-01;2034-02-07;2034-02-08;2034-02-13;2034-02-14;2034-02-17;east;3,4,5,6,9,10,11,12,15,16;;2530;140;470;7130;130;150;2440;140;460;
501;INHORGENTA MUNICH;2034-02-02;2034-02-09;2034-02-10;2034-02-14;2034-02-15;2034-02-19;north_east;1,2,7,8,13,14;489;680;40;130;2070;40;40;660;40;120;
502;bauma;2034-03-10;2034-03-26;2034-03-27;2034-04-03;2034-04-04;2034-04-16;north_east;1,2,3,4,5,6,7,8,9,10,11,12,13,14,15,16,17,18;;2680;150;500;15330;280;320;4350;240;820;
503;ceramitec;2034-04-16;2034-04-24;2034-04-25;2034-04-29;2034-04-30;2034-05-04;north_east;4,5,6,10,11,12;;1560;90;290;4370;80;90;890;50;170;
504;analytica;2034-04-19;2034-04-24;2034-04-25;2034-04-29;2034-04-30;2034-05-04;east;1,2,3,7,8,9;;720;40;140;5150;100;110;1440;80;270;
506;The smarter E Europe;2034-06-09;2034-06-20;2034-06-21;2034-06-24;2034-06-25;2034-06-29;west;1,2,3,4,5,6,7,8,9,10,11,12,13,14,15,16,17,18;492;2110;120;400;8340;150;170;3790;210;710;
507;EXPO REAL;2034-09-27;2034-10-08;2034-10-09;2034-10-12;2034-10-13;2034-10-17;north_west;1,2,3,7,8,9,13,14;496;1900;100;360;6830;130;140;970;50;180;
508;electronica;2034-11-07;2034-11-13;2034-11-14;2034-11-18;2034-11-19;2034-11-24;north_east;1,2,3,4,5,6,7,8,9,10,11,12,13,14,15,16,17,18;;1950;110;360;8590;160;180;4180;230;780;
509;ISPO Munich;2034-11-30;2034-12-04;2034-12-05;2034-12-08;2034-12-09;2034-12-13;north_west;1,2,3,7,8,9,10,13,14,15,16;;1570;90;290;5420;100;110;2310;130;430;
510;BAU;2034-12-30;2035-01-10;2035-01-11;2035-01-16;2035-01-17;2035-01-23;north_east;1,2,3,4,5,6,7,8,9,10,11,12,13,14,15,16,17,18;;3610;200;680;13490;250;280;3380;190;630;
511;f.re.e;2035-02-07;2035-02-13;2035-02-14;2035-02-19;2035-02-20;2035-02-23;north_east;3,4,5,6,9,10,11,12,15,16;500;2630;150;490;4850;90;100;2730;150;510;
512;INHORGENTA MUNICH;2035-02-08;2035-02-15;2035-02-16;2035-02-20;2035-02-21;2035-02-25;north_east;1,2,7,8,13,14;501;630;40;120;3460;60;70;1610;90;300;
513;transport logistic;2035-04-27;2035-05-06;2035-05-07;2035-05-11;2035-05-12;2035-05-16;north_west;1,2,3,4,5,6,7,8,9,10,11,12;;3570;200;670;10610;200;220;1500;80;280;
514;EXPO REAL;2035-09-26;2035-10-07;2035-10-08;2035-10-11;2035-10-12;2035-10-16;east;1,2,3,7,8,9,13,14;507;1830;100;340;5800;110;120;1320;70;250;
515;ISPO Munich;2035-11-27;2035-12-03;2035-12-04;2035-12-07;2035-12-08;2035-12-12;north_east;1,2,3,7,8,9,13,14,15,16,17;;2610;140;490;7160;130;150;1900;100;360;
