-- Seed for halls
INSERT INTO public.hall (id, name, coordinates) VALUES 
(1, 'A1', ARRAY[
    48.1352644, 11.6943111,
    48.1338789, 11.6943299,
    48.1338897, 11.6953142,
    48.1352644, 11.6952928
]),
(2, 'A2', ARRAY[
    48.1352644, 11.6957927,
    48.1338789, 11.6958115,
    48.1338789, 11.696798,
    48.1352644, 11.6967803
]),
(3, 'A3', ARRAY[
    48.1352644, 11.6972707,
    48.1338789, 11.6972868,
    48.1338789, 11.6982665,
    48.1352644, 11.6982504
]),
(4, 'A4', ARRAY[
    48.1352644, 11.698881,
    48.1338789, 11.6988998,
    48.1338789, 11.6998822,
    48.1352644, 11.6998661
]),
(5, 'A5', ARRAY[
    48.1352644, 11.7003617,
    48.1338789, 11.7003778,
    48.1338789, 11.7013626,
    48.1352644, 11.7013438
]),
(6, 'A6', ARRAY[
    48.1352644, 11.7018373,
    48.1338789, 11.7018587,
    48.1338789, 11.7028409,
    48.1352644, 11.7028194
]),
(7, 'B1', ARRAY[
    48.1372428, 11.6942775,
    48.1358905, 11.694291,
    48.1358905, 11.6952868,
    48.1372499, 11.6952706
]),
(8, 'B2', ARRAY[
    48.1372428, 11.6957605,
    48.1358905, 11.6957739,
    48.1358905, 11.6967617,
    48.1372428, 11.6967429
]),
(9, 'B3', ARRAY[
    48.1372428, 11.6972353,
    48.1358905, 11.6972567,
    48.1358905, 11.6982418,
    48.1372428, 11.6982176
]),
(10, 'B4', ARRAY[
    48.1372428, 11.6988463,
    48.1358905, 11.6988463,
    48.1358905, 11.6998502,
    48.1372428, 11.6998314
]),
(11, 'B5', ARRAY[
    48.1372428, 11.7003262,
    48.1358955, 11.7003477,
    48.1359008, 11.7013301,
    48.1372428, 11.701314
]),
(12, 'B6', ARRAY[
    48.1372428, 11.7018049,
    48.1359042, 11.7018236,
    48.1359113, 11.7028007,
    48.1372428, 11.7027819
]),
(13, 'C1', ARRAY[
    48.1386835, 11.6942591,
    48.1374234, 11.6942725,
    48.1374234, 11.6952603,
    48.1386835, 11.6952415
]),
(14, 'C2', ARRAY[
    48.1386835, 11.695738,
    48.1374234, 11.6957541,
    48.1374234, 11.6967472,
    48.1386835, 11.6967258
]),
(15, 'C3', ARRAY[
    48.1386835, 11.6972158,
    48.1374234, 11.6972319,
    48.1374234, 11.698217,
    48.1386835, 11.6982009
]),
(16, 'C4', ARRAY[
    48.1386835, 11.6988308,
    48.1374234, 11.6988442,
    48.1374234, 11.6998213,
    48.1386835, 11.6998078
]),
(17, 'C5', ARRAY[
    48.1386835, 11.7002968,
    48.1374234, 11.7003102,
    48.1374234, 11.7013007,
    48.1386835, 11.7012873
]),
(18, 'C6', ARRAY[
    48.1386835, 11.7017778,
    48.1374234, 11.7017993,
    48.1374234, 11.702779,
    48.1386835, 11.7027629
]);

-- Seed for parking lots
INSERT INTO public.parking_lot (id, name, service_toilets, service_shelter, surface_material, pricing, external, coordinates) VALUES
(1, 'PN3', FALSE, FALSE, 'asphalt', 'medium', FALSE, ARRAY[
    48.1416717, 11.6976525,
    48.1416717, 11.6986207,
    48.1401933, 11.6986207,
    48.140305, 11.6982766,
    48.1412912, 11.6975564
]),
(2, 'PN4', FALSE, FALSE, 'asphalt', 'medium', FALSE, ARRAY[
    48.1416717, 11.6987077,
    48.1416717, 11.7001655,
    48.1398966, 11.7001655,
    48.1401687, 11.6987077,
    48.1416717, 11.6987077
]),
(3, 'PN5', FALSE, FALSE, 'asphalt', 'medium', FALSE, ARRAY[
    48.1398503, 11.7002558,
    48.1417189, 11.7002558,
    48.1417908, 11.7006613,
    48.1417908, 11.7014286,
    48.1396094, 11.7014286
]),
(4, 'PN6', FALSE, FALSE, 'asphalt', 'medium', FALSE, ARRAY[
    48.1417927, 11.7015224,
    48.1395914, 11.7015224,
    48.1392511, 11.7029725,
    48.1417927, 11.7029725
]),
(5, 'PN7', FALSE, FALSE, 'asphalt', 'medium', FALSE, ARRAY[
    48.1417927, 11.7030639,
    48.1392442, 11.7030639,
    48.138681, 11.7051081,
    48.1417856, 11.7051081
]),
(6, 'PN8', FALSE, FALSE, 'asphalt', 'medium', FALSE, ARRAY[
    48.1417927, 11.705206,
    48.1386471, 11.705206,
    48.1385085, 11.7058964,
    48.1417927, 11.7058964
]),
(7, 'PN9', FALSE, FALSE, 'asphalt', 'medium', FALSE, ARRAY[
    48.1417927, 11.7059918,
    48.1384872, 11.7059918,
    48.1383312, 11.7069292,
    48.1412558, 11.7069292,
    48.1417927, 11.7062788
]),
(8, 'PN10', FALSE, FALSE, 'field', 'medium', FALSE, ARRAY[
    48.1411866, 11.7070216,
    48.1383249, 11.7070216,
    48.1382488, 11.7077726,
    48.1382099, 11.7085195,
    48.1395039, 11.7085195
]),
(9, 'PN11', FALSE, FALSE, 'field', 'medium', FALSE, ARRAY[
    48.1394421, 11.7085921,
    48.1382099, 11.7085921,
    48.1382058, 11.7096716
]),
(10, 'PN12', FALSE, FALSE, 'field', 'medium', FALSE, ARRAY[
    48.14051, 11.7077089,
    48.1382142, 11.7097721,
    48.1382657, 11.7104665,
    48.1383662, 11.7111512,
    48.14051, 11.708891
]),
(11, 'PM3', FALSE, FALSE, 'field', 'medium', FALSE, ARRAY[
    48.1390493, 11.6972283,
    48.1390558, 11.6980711,
    48.1398488, 11.6980645,
    48.1399943, 11.6973839,
    48.1399854, 11.6972524,
    48.1399353, 11.6971961,
    48.1390493, 11.6972283
]),
(12, 'PM4', FALSE, FALSE, 'field', 'medium', FALSE, ARRAY[
    48.1396359, 11.6989453,
    48.1394766, 11.6997899,
    48.1390596, 11.6997872,
    48.1390578, 11.6989479
]),
(13, 'PM5', FALSE, FALSE, 'field', 'medium', FALSE, ARRAY[
    48.1394505, 11.7001903,
    48.1390535, 11.7001831,
    48.1390458, 11.7014863,
    48.1391777, 11.7014832
]),
(14, 'PM7', FALSE, FALSE, 'asphalt', 'medium', FALSE, ARRAY[
    48.1385681, 11.7034823,
    48.1361815, 11.7035074,
    48.1361882, 11.7043663,
    48.1359054, 11.7043925,
    48.1359051, 11.7047203,
    48.1376266, 11.7046675,
    48.1379881, 11.7044422,
    48.1382531, 11.7041741,
    48.1384786, 11.7037719
]),
(15, 'PM8', FALSE, FALSE, 'asphalt', 'medium', FALSE, ARRAY[
    48.1380376, 11.704922,
    48.1380497, 11.7058797,
    48.1378568, 11.7058856,
    48.1378643, 11.7067451,
    48.1358968, 11.7055821,
    48.1358932, 11.7050025,
    48.1380412, 11.704922
]),
(16, 'PS9', FALSE, FALSE, 'field', 'medium', FALSE, ARRAY[
    48.1357594, 11.7060516,
    48.1335252, 11.7060516,
    48.1335252, 11.7072136,
    48.1378066, 11.7072136
]),
(17, 'PS10', FALSE, FALSE, 'field', 'medium', FALSE, ARRAY[
    48.1378146, 11.7073208,
    48.1335252, 11.7073208,
    48.1335252, 11.7085271,
    48.1378146, 11.7085271
]),
(18, 'PS11', FALSE, FALSE, 'field', 'medium', FALSE, ARRAY[
    48.1378146, 11.7086541,
    48.1335252, 11.7086541,
    48.1335252, 11.7097554,
    48.1378146, 11.7097554
]),
(19, 'PS12', FALSE, FALSE, 'field', 'medium', FALSE, ARRAY[
    48.1378146, 11.7098696,
    48.1335252, 11.7098696,
    48.1335252, 11.7109126,
    48.1378146, 11.7109126
]);

-- Seed for entrances
INSERT INTO public.entrance (id, name, coordinates) VALUES 
(1, 'South West', ARRAY[
    48.1338789, 11.6943299,
    48.1338897, 11.6953142,
    48.1338997, 11.6953142,
    48.1338889, 11.6943299
]),
(2, 'South East', ARRAY[
    48.1338789, 11.7013626,
    48.1338789, 11.7028409,
    48.1338889, 11.7028409,
    48.1338889, 11.7013626
]),
(3, 'West', ARRAY[
    48.1358905, 11.694291,
    48.1358905, 11.6952868,
    48.1359005, 11.6952868,
    48.1359005, 11.694291
]),
(4, 'East', ARRAY[
    48.1359042, 11.7018236,
    48.1359113, 11.7028007,
    48.1359213, 11.7028007,
    48.1359142, 11.7018236
]),
(5, 'North West', ARRAY[
    48.1374234, 11.6942725,
    48.1374234, 11.6952603,
    48.1374334, 11.6952603,
    48.1374334, 11.6942725
]),
(6, 'North East', ARRAY[
    48.1386835, 11.7012873,
    48.1386835, 11.7027629,
    48.1386935, 11.7027629,
    48.1386935, 11.7012873
]),
(7, 'North', ARRAY[
    48.1374234, 11.6972319,
    48.1374234, 11.698217,
    48.1374334, 11.698217,
    48.1374334, 11.6972319
]);

-- Seed for parking lots capacities
INSERT INTO public.parking_lot_capacity (id, parking_lot_id, capacity, utilization_type, truck_limit, bus_limit, valid_from, valid_to) VALUES
(1, 1, 2750, 'parking', 687, 916, '2000-01-01', '2025-03-02'),
(2, 2, 350, 'parking', 87, 116, '2000-01-01', '2025-03-02'),
(3, 3, 500, 'parking', 125, 166, '2000-01-01', '2025-03-02'),
(4, 4, 200, 'parking', 50, 66, '2000-01-01', '2025-03-02'),
(5, 5, 100, 'parking', 25, 33, '2000-01-01', '2025-03-02'),
(6, 6, 50, 'parking', 12, 16, '2000-01-01', '2025-03-02'),
(7, 7, 400, 'parking', 100, 133, '2000-01-01', '2025-03-02'),
(8, 8, 0, 'construction', 0, 0, '2000-01-01', '2025-03-02'),
(9, 9, 3000, 'parking', 750, 1000, '2000-01-01', '2025-03-02'),
(10, 10, 4600, 'parking', 0, 0, '2000-01-01', '2025-03-02'),
(11, 1, 0, 'construction', 0, 0, '2025-03-03', '2025-04-20'),
(12, 2, 250, 'parking', 62, 83, '2025-03-03', '2025-04-20'),
(13, 3, 200, 'parking', 50, 66, '2025-03-03', '2025-04-20'),
(14, 4, 200, 'parking', 50, 66, '2025-03-03', '2025-04-20'),
(15, 5, 100, 'parking', 25, 33, '2025-03-03', '2025-04-20'),
(16, 6, 0, 'construction', 0, 0, '2025-03-03', '2025-04-20'),
(17, 7, 0, 'construction', 0, 0, '2025-03-03', '2025-04-20'),
(18, 8, 0, 'construction', 0, 0, '2025-03-03', '2025-04-20'),
(19, 9, 0, 'construction', 0, 0, '2025-03-03', '2025-04-20'),
(20, 10, 4600, 'parking', 0, 0, '2025-03-03', '2025-04-20'),
(21, 1, 0, 'construction', 0, 0, '2025-04-21', '2040-12-31'),
(22, 2, 250, 'parking', 62, 83, '2025-04-21', '2040-12-31'),
(23, 3, 200, 'parking', 50, 66, '2025-04-21', '2040-12-31'),
(24, 4, 200, 'parking', 50, 66, '2025-04-21', '2040-12-31'),
(25, 5, 100, 'parking', 25, 33, '2025-04-21', '2040-12-31'),
(26, 6, 0, 'construction', 0, 0, '2025-04-21', '2040-12-31'),
(27, 7, 0, 'construction', 0, 0, '2025-04-21', '2040-12-31'),
(28, 8, 0, 'construction', 0, 0, '2025-04-21', '2040-12-31'),
(29, 9, 0, 'construction', 0, 0, '2025-04-21', '2040-12-31'),
(30, 10, 4600, 'parking', 0, 0, '2025-04-21', '2040-12-31');

-- Seed for events
-- Insert events into the event table
INSERT INTO public.event (id, name, early_assembly_start_date, early_assembly_end_date, assembly_start_date, assembly_end_date, runtime_start_date, runtime_end_date, disassembly_start_date, disassembly_end_date, late_disassembly_start_date, late_disassembly_end_date, color)
VALUES
(379, 'IFAT Munich 2024', NULL, NULL, '2024-05-09', '2024-05-12', '2024-05-13', '2024-05-17', '2024-05-18', '2024-05-20', NULL, NULL, 'FF0000'),
(22, 'fre.e + IMOT', NULL, NULL, '2025-02-14', '2025-02-18', '2025-02-19', '2025-02-23', '2025-02-24', '2025-02-25', NULL, NULL, '00FF00'),
(12, 'Münchner Autotage', NULL, NULL, '2025-02-16', '2025-02-18', '2025-02-19', '2025-02-23', '2025-02-24', '2025-02-25', NULL, NULL, '0000FF'),
(1, 'inhorgenta', NULL, NULL, '2025-02-17', '2025-02-20', '2025-02-21', '2025-02-24', '2025-02-25', '2025-02-27', NULL, NULL, 'FFFF00'),
(34, 'Lopec', NULL, NULL, '2025-02-23', '2025-02-24', '2025-02-25', '2025-02-27', '2025-02-28', '2025-02-28', NULL, NULL, 'FFA500'),
(58, 'IFAT Munich 2025', NULL, NULL, '2025-02-24', '2025-02-25', '2025-02-26', '2025-02-26', '2025-02-27', '2025-02-27', NULL, NULL, '800080');

-- Insert hall occupations
INSERT INTO public.hall_occupation (event_id, hall_id, date)
VALUES
(379, 1, '2024-05-09'), (379, 2, '2024-05-09'), (379, 3, '2024-05-09'), (379, 4, '2024-05-09'), (379, 5, '2024-05-09'), (379, 6, '2024-05-09'),
(379, 7, '2024-05-09'), (379, 8, '2024-05-09'), (379, 9, '2024-05-09'), (379, 10, '2024-05-09'), (379, 11, '2024-05-09'), (379, 12, '2024-05-09'),
(379, 13, '2024-05-09'), (379, 14, '2024-05-09'), (379, 15, '2024-05-09'), (379, 16, '2024-05-09'), (379, 17, '2024-05-09'), (379, 18, '2024-05-09'),
(22, 1, '2025-02-14'), (22, 2, '2025-02-14'), (22, 3, '2025-02-14'),
(12, 7, '2025-02-16'), (12, 8, '2025-02-16'), (12, 9, '2025-02-16'), (12, 13, '2025-02-16'), (12, 14, '2025-02-16'), (12, 15, '2025-02-16'),
(1, 10, '2025-02-17'), (1, 11, '2025-02-17'), (1, 12, '2025-02-17'), (1, 16, '2025-02-17'), (1, 17, '2025-02-17'), (1, 18, '2025-02-17'),
(34, 4, '2025-02-23'),
(58, 5, '2025-02-24'), (58, 6, '2025-02-24');

-- Insert visitor demands
INSERT INTO public.visitor_demand (event_id, date, demand, car_demand, truck_demand, bus_demand, status)
VALUES
(58, '2025-02-24', 6000, 0, 0, 0, 'assembly'), (58, '2025-02-25', 3999, 0, 0, 0, 'assembly'),
(58, '2025-02-27', 300, 0, 0, 0, 'disassembly'), (58, '2025-02-26', 300, 0, 0, 0, 'runtime'),
(22, '2025-02-14', 4500, 0, 0, 0, 'assembly'), (22, '2025-02-15', 4500, 0, 0, 0, 'assembly'), (22, '2025-02-16', 4500, 0, 0, 0, 'assembly'),
(22, '2025-02-17', 4500, 0, 0, 0, 'assembly'), (22, '2025-02-18', 4500, 0, 0, 0, 'assembly'), (22, '2025-02-24', 4500, 0, 0, 0, 'disassembly'), (22, '2025-02-25', 4500, 0, 0, 0, 'disassembly'),
(22, '2025-02-19', 4500, 0, 0, 0, 'runtime'), (22, '2025-02-20', 4500, 0, 0, 0, 'runtime'), (22, '2025-02-21', 4500, 0, 0, 0, 'runtime'), (22, '2025-02-22', 4500, 0, 0, 0, 'runtime'), (22, '2025-02-23', 4500, 0, 0, 0, 'runtime'),
(12, '2025-02-16', 3500, 0, 0, 0, 'assembly'), (12, '2025-02-17', 3500, 0, 0, 0, 'assembly'), (12, '2025-02-18', 3500, 0, 0, 0, 'assembly'),
(12, '2025-02-24', 3500, 0, 0, 0, 'disassembly'), (12, '2025-02-25', 3500, 0, 0, 0, 'disassembly'), (12, '2025-02-19', 3500, 0, 0, 0, 'runtime'), (12, '2025-02-20', 3500, 0, 0, 0, 'runtime'),
(12, '2025-02-21', 3500, 0, 0, 0, 'runtime'), (12, '2025-02-22', 3497, 0, 0, 0, 'runtime'), (12, '2025-02-23', 3498, 0, 0, 0, 'runtime'),
(379, '2024-05-09', 3000, 0, 0, 0, 'assembly'), (379, '2024-05-10', 3000, 0, 0, 0, 'assembly'), (379, '2024-05-11', 3000, 0, 0, 0, 'assembly'), (379, '2024-05-12', 3000, 0, 0, 0, 'assembly'),
(379, '2024-05-18', 3000, 0, 0, 0, 'disassembly'), (379, '2024-05-19', 2800, 0, 0, 0, 'disassembly'), (379, '2024-05-20', 2700, 0, 0, 0, 'disassembly'),
(379, '2024-05-13', 4500, 0, 0, 0, 'runtime'), (379, '2024-05-14', 4500, 0, 0, 0, 'runtime'), (379, '2024-05-15', 4500, 0, 0, 0, 'runtime'), (379, '2024-05-16', 4200, 0, 0, 0, 'runtime'), (379, '2024-05-17', 4000, 0, 0, 0, 'runtime'),
(1, '2025-02-17', 280, 0, 0, 0, 'assembly'), (1, '2025-02-18', 330, 0, 0, 0, 'assembly'), (1, '2025-02-19', 420, 0, 0, 0, 'assembly'), (1, '2025-02-20', 420, 0, 0, 0, 'assembly'),
(1, '2025-02-25', 340, 0, 0, 0, 'disassembly'), (1, '2025-02-26', 332, 0, 0, 0, 'disassembly'), (1, '2025-02-27', 320, 0, 0, 0, 'disassembly'),
(1, '2025-02-21', 500, 0, 0, 0, 'runtime'), (1, '2025-02-22', 500, 0, 0, 0, 'runtime'), (1, '2025-02-23', 550, 0, 0, 0, 'runtime'), (1, '2025-02-24', 500, 0, 0, 0, 'runtime'),
(34, '2025-02-23', 390, 0, 0, 0, 'assembly'), (34, '2025-02-24', 390, 0, 0, 0, 'assembly'), (34, '2025-02-25', 390, 0, 0, 0, 'assembly'),
(34, '2025-02-28', 500, 0, 0, 0, 'disassembly'),
(34, '2025-02-25', 6000, 0, 0, 0, 'runtime'), (34, '2025-02-26', 2600, 0, 0, 0, 'runtime'), (34, '2025-02-27', 2600, 0, 0, 0, 'runtime');

-- Insert entrance occupations
INSERT INTO public.entrance_occupation (event_id, entrance_id, date)
VALUES
(379, (SELECT id FROM public.entrance WHERE name = 'West'), '2024-05-09'), (379, (SELECT id FROM public.entrance WHERE name = 'West'), '2024-05-10'),
(379, (SELECT id FROM public.entrance WHERE name = 'West'), '2024-05-11'), (379, (SELECT id FROM public.entrance WHERE name = 'West'), '2024-05-12'),
(379, (SELECT id FROM public.entrance WHERE name = 'West'), '2024-05-13'), (379, (SELECT id FROM public.entrance WHERE name = 'West'), '2024-05-14'),
(379, (SELECT id FROM public.entrance WHERE name = 'West'), '2024-05-15'), (379, (SELECT id FROM public.entrance WHERE name = 'West'), '2024-05-16'),
(379, (SELECT id FROM public.entrance WHERE name = 'West'), '2024-05-17'), (379, (SELECT id FROM public.entrance WHERE name = 'West'), '2024-05-18'),
(379, (SELECT id FROM public.entrance WHERE name = 'West'), '2024-05-19'), (379, (SELECT id FROM public.entrance WHERE name = 'West'), '2024-05-20'),
(22, (SELECT id FROM public.entrance WHERE name = 'North'), '2025-02-14'), (22, (SELECT id FROM public.entrance WHERE name = 'North'), '2025-02-15'),
(22, (SELECT id FROM public.entrance WHERE name = 'North'), '2025-02-16'), (22, (SELECT id FROM public.entrance WHERE name = 'North'), '2025-02-17'),
(22, (SELECT id FROM public.entrance WHERE name = 'North'), '2025-02-18'), (22, (SELECT id FROM public.entrance WHERE name = 'North'), '2025-02-19'),
(22, (SELECT id FROM public.entrance WHERE name = 'North'), '2025-02-20'), (22, (SELECT id FROM public.entrance WHERE name = 'North'), '2025-02-21'),
(22, (SELECT id FROM public.entrance WHERE name = 'North'), '2025-02-22'), (22, (SELECT id FROM public.entrance WHERE name = 'North'), '2025-02-23'),
(22, (SELECT id FROM public.entrance WHERE name = 'North'), '2025-02-24'), (22, (SELECT id FROM public.entrance WHERE name = 'North'), '2025-02-25'),
(12, (SELECT id FROM public.entrance WHERE name = 'East'), '2025-02-16'), (12, (SELECT id FROM public.entrance WHERE name = 'East'), '2025-02-17'),
(12, (SELECT id FROM public.entrance WHERE name = 'East'), '2025-02-18'), (12, (SELECT id FROM public.entrance WHERE name = 'East'), '2025-02-19'),
(12, (SELECT id FROM public.entrance WHERE name = 'East'), '2025-02-20'), (12, (SELECT id FROM public.entrance WHERE name = 'East'), '2025-02-21'),
(12, (SELECT id FROM public.entrance WHERE name = 'East'), '2025-02-22'), (12, (SELECT id FROM public.entrance WHERE name = 'East'), '2025-02-23'),
(12, (SELECT id FROM public.entrance WHERE name = 'East'), '2025-02-24'), (12, (SELECT id FROM public.entrance WHERE name = 'East'), '2025-02-25'),
(1, (SELECT id FROM public.entrance WHERE name = 'West'), '2025-02-17'), (1, (SELECT id FROM public.entrance WHERE name = 'West'), '2025-02-18'),
(1, (SELECT id FROM public.entrance WHERE name = 'West'), '2025-02-19'), (1, (SELECT id FROM public.entrance WHERE name = 'West'), '2025-02-20'),
(1, (SELECT id FROM public.entrance WHERE name = 'West'), '2025-02-21'), (1, (SELECT id FROM public.entrance WHERE name = 'West'), '2025-02-22'),
(1, (SELECT id FROM public.entrance WHERE name = 'West'), '2025-02-23'), (1, (SELECT id FROM public.entrance WHERE name = 'West'), '2025-02-24'),
(1, (SELECT id FROM public.entrance WHERE name = 'West'), '2025-02-25'), (1, (SELECT id FROM public.entrance WHERE name = 'West'), '2025-02-26'),
(1, (SELECT id FROM public.entrance WHERE name = 'West'), '2025-02-27'),
(34, (SELECT id FROM public.entrance WHERE name = 'North East'), '2025-02-23'), (34, (SELECT id FROM public.entrance WHERE name = 'North East'), '2025-02-24'),
(34, (SELECT id FROM public.entrance WHERE name = 'North East'), '2025-02-25'), (34, (SELECT id FROM public.entrance WHERE name = 'North East'), '2025-02-26'),
(34, (SELECT id FROM public.entrance WHERE name = 'North East'), '2025-02-27'), (34, (SELECT id FROM public.entrance WHERE name = 'North East'), '2025-02-28'),
(58, (SELECT id FROM public.entrance WHERE name = 'North West'), '2025-02-24'), (58, (SELECT id FROM public.entrance WHERE name = 'North West'), '2025-02-25'),
(58, (SELECT id FROM public.entrance WHERE name = 'North West'), '2025-02-26'), (58, (SELECT id FROM public.entrance WHERE name = 'North West'), '2025-02-27');

-- Insert parking lot allocations (only exemplary)
INSERT INTO public.parking_lot_allocation (event_id, parking_lot_id, date, allocated_capacity)
VALUES
-- Event ID 1 (inhorgenta)
(1, 2, '2025-02-17', 100), (1, 3, '2025-02-17', 180),
(1, 2, '2025-02-18', 100), (1, 3, '2025-02-18', 230),
(1, 2, '2025-02-19', 100), (1, 3, '2025-02-19', 320),
(1, 2, '2025-02-20', 100), (1, 3, '2025-02-20', 320),
(1, 2, '2025-02-25', 100), (1, 3, '2025-02-25', 240),
(1, 2, '2025-02-26', 100), (1, 3, '2025-02-26', 232),
(1, 2, '2025-02-27', 100), (1, 3, '2025-02-27', 220),
(1, 2, '2025-02-21', 100), (1, 3, '2025-02-21', 400),
(1, 2, '2025-02-22', 100), (1, 3, '2025-02-22', 400),
(1, 2, '2025-02-23', 100), (1, 3, '2025-02-23', 450),
(1, 2, '2025-02-24', 100), (1, 3, '2025-02-24', 400),

-- Event ID 22 (fre.e + IMOT)
(22, 1, '2025-02-14', 2750), (22, 9, '2025-02-14', 1750),
(22, 1, '2025-02-15', 2750), (22, 9, '2025-02-15', 1750),
(22, 1, '2025-02-16', 2750), (22, 9, '2025-02-16', 1750),
(22, 1, '2025-02-17', 2750), (22, 9, '2025-02-17', 1750),
(22, 1, '2025-02-18', 2750), (22, 9, '2025-02-18', 1750),
(22, 1, '2025-02-19', 2750), (22, 9, '2025-02-19', 1750),
(22, 1, '2025-02-20', 2750), (22, 9, '2025-02-20', 1750),
(22, 1, '2025-02-21', 2750), (22, 9, '2025-02-21', 1750),
(22, 1, '2025-02-22', 2750), (22, 9, '2025-02-22', 1750),
(22, 1, '2025-02-23', 2750), (22, 9, '2025-02-23', 1750),
(22, 1, '2025-02-24', 2750), (22, 9, '2025-02-24', 1750),
(22, 1, '2025-02-25', 2750), (22, 9, '2025-02-25', 1750);